"path","bytes","sha256"
".gitattributes","181","022a60532bbe1758064061cfbba8fa1024c029e7ab978a6257132a5862e3e406"
".gitignore","496","19f9d57306a3a7c3e3171c283fc585561c97ebbd5db1f0dc0bc9515327ffd2fd"
"audit_public_release.py","6351","422e4c557d2f4f5422cfa200f980a439a9b5a60e686184c4c173d1249692ddfb"
"CITATION.cff","532","4a24079f19bf74c522d3f0ca3d03af20f6ae7282b69dbcda7e3016115af179c1"
"DATA_AND_MODELS.md","2915","8c57c8683a74b653fa376c59a21e8ef08f7f5e5efc9daabef26b51b5ee4b29cf"
"forcewipe_v14/code/forcewipe_v14/__init__.py","75","ea017cc7304ae4d5ad3528c0048c837835f8fe8815b2e5e815e46688d948a531"
"forcewipe_v14/code/forcewipe_v14/actor_dev_runner.py","9555","6eabf1a57689effbeedde5dcbad8dd3dc877e4a157debd4dccf8d31980a1a1e1"
"forcewipe_v14/code/forcewipe_v14/native_tdmpc2_v6_training_v2.py","3031","a9d98258a86799ce91032b7139b36d9174d805bc81100ce9afada0b818d68d64"
"forcewipe_v14/code/forcewipe_v14/native_tdmpc2_v6_training.py","10072","1ab552773521d9d412bd75117a8ad729b998cdeb4e2e4c9a711cf0e06194c8ae"
"forcewipe_v14/code/forcewipe_v14/v6_dev_scenarios.py","1790","f9b7d0a6d71dd714ded4b1234b717d92634d3eca41acb5d082c5bcdb47ab1067"
"forcewipe_v14/code/forcewipe_v14/v6_train_scenarios_v2.py","1776","9e981daf20c70f2192f5e396d5d25329428972c190193801fa72ea3c95c094a8"
"forcewipe_v14/code/forcewipe_v14/v6_train_scenarios.py","1792","67a778f44deeecb3127ff2fb3f2cc9968ef2116a6415efde5d03e8fec6a60582"
"forcewipe_v14/code/forcewipe_v14/v6_training_teacher_v2.py","2352","608b9ee1ec16993934fc1d600b2b8a00b6774e37686ca4754b9f22fbeaf09949"
"forcewipe_v14/code/forcewipe_v14/v6_training_teacher_v3.py","1192","779a7dc98fa09c41598e5f34565ba04550656e544bb452ae3612068b4c9c87df"
"forcewipe_v14/code/forcewipe_v14/v6_training_teacher.py","4879","eceacb7f71010cad265127f8c1b70228c49ece619ce542dbed7ed29c1a6e4680"
"forcewipe_v15/code/forcewipe_v15/__init__.py","45","9ab2c085ecc2d3f712c1cdb5bc7249e0ec7c4df44a5d4a52539a388a685d677b"
"forcewipe_v15/code/forcewipe_v15/actor_anchored_mppi.py","4870","bb1769438e1487413f4b364e97b8ab3c9abd3fadb54146e3e6ad0288d5a144b4"
"forcewipe_v15/code/forcewipe_v15/actor_trust_mppi.py","4061","102522925419ac754ab22cf7f3c66aaa1d713ae1b9ccac8d308db051a092a337"
"forcewipe_v15/code/forcewipe_v15/deterministic_actor_anchored_mppi.py","5927","35ab3583b44817e6e6d3bc9d1ed8fbc767bd8c94b48059abc3691d50a29ca7aa"
"forcewipe_v15/scripts/run_v15_trust_mppi_fresh_dev3.py","9511","7084d778eb9e5631442525cb97e5f7a3693f6cf54752799c509bae858e2404cf"
"forcewipe_v16/code/forcewipe_v16/__init__.py","70","4dc2fbe6bb3570ddda29ee1e6ea38685456dcc85608395068f1088f23e9ecfca"
"forcewipe_v16/code/forcewipe_v16/actor_only_direct.py","2114","60facaf732033d271ee71d8fc2c96a7d8467153d1b230dca5a2bc37c89515f73"
"forcewipe_v16/code/forcewipe_v16/actor_to_mppi_contact_mode.py","2389","e3d3c57079f0c9c88ce54a9979575d63a264be8ded70cc4b32041edfe994955e"
"forcewipe_v16/code/forcewipe_v16/adaptive_admittance_baseline.py","7029","3813a3a5017b5410e42c88b1462cf98108c6309d270a534cf81cb06a994f1298"
"forcewipe_v16/code/forcewipe_v16/anisotropic_target_gated_risk_mppi.py","3317","94bdde9933f88e16f07f194cd1e9c09420617dbb633cc95c3f14e4d1e3fb819e"
"forcewipe_v16/code/forcewipe_v16/contact_gated_anisotropic_mppi.py","3791","fdc2d007ae5a27b5e588fc6fb170f1e421280b463755645165f962bcd1a7d0f1"
"forcewipe_v16/code/forcewipe_v16/contact_recovery_search_mppi.py","2906","797029272a90f056a7c52ab451fb3d5067099c53e5395d7ccf52ebbfe014bd7e"
"forcewipe_v16/code/forcewipe_v16/contact_recovery_train_scenarios.py","3816","3c1c1adc2101614134262ba3472baae32b26b962d0458290fcd5f16ddd80e0d3"
"forcewipe_v16/code/forcewipe_v16/direct_ppo_baseline.py","9532","08f8b6ac5fb73767cbced85b69dfe445cdbe429d2e5750ddf6313e73f78f650a"
"forcewipe_v16/code/forcewipe_v16/force_calibrated_recovery_training.py","856","23a76737fefce4f66c709222e474dc945e2341b8b69e3c11918ad2c93f58577b"
"forcewipe_v16/code/forcewipe_v16/force_calibrated_strong_bc_training.py","848","cea96779759373a5df164e5a75d0367e4debf0171d62fff57298efabc40d2c19"
"forcewipe_v16/code/forcewipe_v16/force_regime_tracking_mppi.py","2166","116a81613ca2f61c21d2c297aa973c487e96230f10f8cd689346f17f7f810a4b"
"forcewipe_v16/code/forcewipe_v16/latched_tracking_actor_to_mppi.py","3423","785485662acc3bff1f4260c106b86a3b7220957b310f5f2a78da9731bff11b29"
"forcewipe_v16/code/forcewipe_v16/native_tdmpc2_v6_training.py","6260","85f05fb44fc188bc0cc25625bd1ae9c168762c48ea7356436cc0f4b2b24364c0"
"forcewipe_v16/code/forcewipe_v16/ood_aware_training.py","3783","30eac80d4e2131a939ab32710db159eebbfa548cb78729a336fa87cf1c7425e5"
"forcewipe_v16/code/forcewipe_v16/ood_scenarios.py","3517","8c3f953d9066234b2ea02a028dd98d96090e8347589f512db0e9f7982983b340"
"forcewipe_v16/code/forcewipe_v16/ood_train_scenarios.py","4138","151bf5e44752a5b34484fed06c332d3158e1de1281c289f8df827e6d23620bd1"
"forcewipe_v16/code/forcewipe_v16/qualification_scenarios.py","2322","4d595f5b9f675aac8ff715905c17195bfaaad8371dfc512b79fe446d092ac011"
"forcewipe_v16/code/forcewipe_v16/recovery_aware_training.py","4416","37415680229c7ac00813670ef92b4a42a0722ac914d6e3984d1b2e27f39692f1"
"forcewipe_v16/code/forcewipe_v16/risk_corrective_mppi.py","2602","57ed63207334254e88d90797241e25ea6acf2c285be2f93e3c8a35a66e5954ff"
"forcewipe_v16/code/forcewipe_v16/target_expert_training.py","4210","81b9952b0df242f0846d9c11be5552811c571cbd727a5fc5feb955a604d911b1"
"forcewipe_v16/code/forcewipe_v16/target_gated_risk_mppi.py","5329","e114b410b94e7a9fa4ab20420769cf35e5d73bc36283d0aea6a1412b41d003ad"
"forcewipe_v16/code/forcewipe_v16/tiered_actor_to_mppi.py","2900","37f8f72909df5b9d3b49d5f5374c3ca65bc3b598370ee9d1e014759a4a459dde"
"forcewipe_v16/code/forcewipe_v16/tracking_gated_actor_to_mppi.py","2443","ab53d34f17a84a5805c1eef46578e3cc13a5adf8d51d25302586e4aa6f63069e"
"forcewipe_v16/code/forcewipe_v16/undertracking_weighted_mppi.py","2402","998d77ea17e042a157b4da2296762ab58d1119cd4270e850fdb7689aa04425b7"
"forcewipe_v16/code/forcewipe_v16/unified_tracking_gated_actor_to_mppi.py","2961","65c38e8052dba6a8199381032acf1a5f76930c7b72979ca23b75edda97329371"
"forcewipe_v16/code/forcewipe_v16/v16p28_qualification_analysis.py","12449","8d17e24bb5e134ceeb9aecd38656c1235e3331590d769070813a82ed5c6bd581"
"forcewipe_v16/code/forcewipe_v16/v16p28_qualification_loader_rev3.py","4953","baa2d15f709e1514983cf8dce64a3ad7bcb34620796b8521cd47d61ed8ac8ef3"
"forcewipe_v16/code/forcewipe_v16/v16p28_qualification_loader_rev4.py","4883","c9b72e78fe36e1fc3b9706becd96410172cb9357cab41f43252552fc793ae733"
"forcewipe_v16/code/forcewipe_v16/v16p28_qualification_loader.py","4656","53d3768f65b758b2871370bbe85dad4343e580875716d049d9dfe9e48c81eb91"
"forcewipe_v16/code/forcewipe_v16/v16p29_cal_analysis.py","6245","e0d4e5d93f6c5c050eb95e957116f4d6f2cd25954687a3a30a5ad855b0f4e3bd"
"forcewipe_v16/code/forcewipe_v16/v16p29_cal_generator_rev4.py","3273","5a5e42ab4c37d8d3e5e5bdb23e2237106f996d3ecbae61a8d727c18cae427d7a"
"forcewipe_v16/code/forcewipe_v16/v16p29_cal_generator.py","3228","c2587e43948fce370def74bae439f7c7eabd1a0972e673c96e5dac4e719909d7"
"forcewipe_v16/code/forcewipe_v16/v16p29_cal_loader.py","3913","abdd2a64dea40adc88cc1b009fa0fd6e7fd58edc69a67660e563badade0e4047"
"forcewipe_v16/code/forcewipe_v16/v16p30_final_analysis.py","8421","42ec8ac244b256558aa8a594e3c16ac3ddd4d7d61c28990a5563314801ebdf4c"
"forcewipe_v16/code/forcewipe_v16/v16p30_final_scenarios.py","7507","bb4640d42f142e1221a655e7b27a7ee6b75238f1e5ec7d402cfc5167168e6c98"
"forcewipe_v16/code/forcewipe_v16/v16p30_methods.py","4460","f6437c2b8552a1d85f8ccbc5d73383198b0ce73de3d4fbb39e552fa93b1281d3"
"forcewipe_v16/code/forcewipe_v16/v16p30_ppo_scenarios.py","6672","1ec606828dc74b118614f075b1adf6e16753a5d01f94af143a552b919369d4d6"
"forcewipe_v16/code/forcewipe_v16/v6_training_teacher_v4.py","1878","7495033e13cdd63347abb0259b22fc382b8f5c489a277acb925176b211fc7902"
"forcewipe_v16/results/cal/v16p29_independent_cal_20260829_r1/RESULT.json","288807","e628efeb062e102eedfbb6ed8f1defcccaae7ef0019235a4b5cdf4dedcd400c2"
"forcewipe_v16/results/final/v16p30_final_matched_simulation_20260830_r1/RESULT.json","22697","2722112778c63c3b0c69d8fc835e7c20ee491a8fe182885f20ce1f41ece7d231"
"forcewipe_v16/results/qualification/v16p28_fully_crossed_paired_qualification_20260828_r4/RESULT.json","144848","d1fdb96bce3c80454b2f4e31b0c7aafa5ef3d3cff1aa813d55cd9565aed6fbe7"
"forcewipe_v16/scripts/train_v16p30_direct_ppo.py","12375","62be2184d25e967503c0eb127b9c0e8b2ce3794c02b6cb9f302fb548c9f3d06e"
"forcewipe_v17/V17_STAGE0A_R3_REV4_ARTIFACT_RECOVERY_INDEPENDENT_AUDIT_2026-09-05.json","3314","ca024341c664326b4665b4cffe4f54edf7301d108585e49f7a933aa5bd7fe9bc"
"forcewipe_v19/code/forcewipe_v19/__init__.py","603","7de0e980fc0fafaed8929380c93436c3c8a89d82b7da211caccec355786f1708"
"forcewipe_v19/code/forcewipe_v19/calibration.py","2881","555c2d7ee917ae3fd53c15412385c4b9c7629f115bf919527aca82277959d8f4"
"forcewipe_v19/code/forcewipe_v19/crosssim_calibration_r3.py","1877","29524cc6b4bcf9012bb5ccdce8bd709b93ea83ec8dc373d657d2d4bf107b25ef"
"forcewipe_v19/code/forcewipe_v19/crosssim_calibration.py","5841","3c1d62444ed625cec576f7d68698b44f10d852ddab16bc194626b6a3cef8e143"
"forcewipe_v19/code/forcewipe_v19/deployment_gap_sapien_env.py","4306","009fd5d75e50aca977224a7935d2da98babc27316155e4a7f0abbf81ede54d69"
"forcewipe_v19/code/forcewipe_v19/deployment_gap.py","10250","1815535023fc7c20ab6d7b13ee430ab1ce00af7ee19dcadda986c99b2585b70b"
"forcewipe_v19/code/forcewipe_v19/factor_separated_scenarios.py","4178","03311a02ea15e0a4e5b00a2c5cfcbab96851f82e967e946d1e8ef4da71fc8f5d"
"forcewipe_v19/code/forcewipe_v19/force_conditioned_world_model.py","6407","ee990f6cd986cc589e396cbeb6551f6b40212ee708b692887b73b780290521d2"
"forcewipe_v19/code/forcewipe_v19/mujoco_crosssim_env.py","23573","75ef7199f8bff6a3c60f83b1960943096d50b3d7e2809f611d7f6f29cf06e91e"
"forcewipe_v19/code/forcewipe_v19/ppo_budget_sensitivity.py","6286","7641627abb3ee8728d9dad70b872d42b8afb9a76597e28a8a078ffc795fa5f39"
"forcewipe_v19/code/forcewipe_v19/risk_aware_mppi.py","13905","f26e7408a071fcf80ea9a13b3bbf77518900ce47c0cceb2abcea3d045a75f887"
"forcewipe_v19/code/forcewipe_v19/risk_conditioning.py","5434","5443e2c409e3c46a3d189f57b0e6d3d9ddc00ec9a9505bcde3fb4e9c5cd8646b"
"forcewipe_v19/code/forcewipe_v19/threshold_sensitive_actor_to_mppi.py","2655","3562da047814a2b803c556d07e766551b8a87521f71f9ff8154de3297d0266af"
"forcewipe_v19/code/forcewipe_v19/training.py","970","abbebcc3d3c1d5df435306f3ebf2fe604a914d2bac660d27118b33c830ed9539"
"forcewipe_v19/config/CROSS_SIMULATOR_CALIBRATION_PROTOCOL_2026-09-20.json","2321","9b363941a7fd08a45a62e5cae52788003b953845fc47ebcb95c184f63e615981"
"forcewipe_v19/config/CROSS_SIMULATOR_CALIBRATION_PROTOCOL_R2_2026-09-20.json","2711","afa9603b193f9f6674c7a4ee49eb9bbcf655f3338573e66ea42e837046c7120f"
"forcewipe_v19/config/CROSS_SIMULATOR_CALIBRATION_PROTOCOL_R3_2026-09-21.json","2769","cc5d17af0f109d0a9bd39b9c89c092e540d495eaa99bc13c5a1f0d71dab3646f"
"forcewipe_v19/config/DEPLOYMENT_GAP_STRESS_PROTOCOL_2026-09-20.json","3175","3e65cbdf4520bb3084088f740cb2b0c1f0bd1cbfce579ae2eb2f35bd66dbd4eb"
"forcewipe_v19/config/PPO_BUDGET_HYPERPARAMETER_STUDY_PROTOCOL_2026-09-20.json","4890","1efbaee20ce8ed4f5f24bc539309fa6e162b4166b8f8f59b0522b2b0089e0525"
"forcewipe_v19/config/V19_FACTOR_SEPARATED_EVALUATION_PROTOCOL_DRAFT.json","3005","0f0ad09d0cc7920211d24ded25f86f401e74b9b5389291cef98aaa4d2aaa8157"
"forcewipe_v19/config/V19_METHOD_STUDY_PROTOCOL_DRAFT.json","4676","780fdbdc52546b43423572499a38f4f1a5d8f90de567c21445a205d3f2c71aaf"
"forcewipe_v19/config/V19_MUJOCO_ZERO_SHOT_TRANSFER_PROTOCOL_2026-09-21.json","3987","82b56ee2a991aaff6f832dc1219690777d776c06d986bf6872e167af3e4340cd"
"forcewipe_v19/paper/ojcs/01_abstract_method_draft.tex","1359","a89e7d9ff43714b82636d71ec401cb64d8b965dfd87393c0d0111d98cf6b38ea"
"forcewipe_v19/paper/ojcs/02_introduction_method_draft.tex","4020","5686e88c2da4379d143e70c03e97f9d143ec84758ef76a0fc687b50aec630839"
"forcewipe_v19/paper/ojcs/03_related_work_method_draft.tex","8548","516ef3cb7a388e22f7d224094a7fc4ffd1d511b7b2a7f46f0116ac32e0382cf7"
"forcewipe_v19/paper/ojcs/03_related_work_ojcs.tex","4964","ad10921afc7bef7a56dd54c83761e6e2452756112a7ae83946045fb4e23e15de"
"forcewipe_v19/paper/ojcs/04_simulation_task_method_draft.tex","10477","656f4cfe0dbe8607bfd4ed8ec4bdc944e01ec31328edf9a1a6fc5aa5c5d014c8"
"forcewipe_v19/paper/ojcs/05_risk_aware_method_draft.tex","7863","c0f214164f027f3cb31c59e375c000d7e72cd73746f98de13bea636b601fda68"
"forcewipe_v19/paper/ojcs/06_experimental_design_method_draft.tex","8872","0a08a6c1251a1fe9d3dd1cefb5c573b35a1d9d6f8389df15276105445e4c61a9"
"forcewipe_v19/paper/ojcs/07_development_results_draft.tex","4537","d021d17500c3156cf10ae4887b009e2af8f0bcb7a6c921d47ae947cffafe20b0"
"forcewipe_v19/paper/ojcs/07_development_results_ojcs.tex","1771","c6ca7301522133a93a4bedb529ed7b4afb5e171056d6abadc8a3698fab19c83d"
"forcewipe_v19/paper/ojcs/07a_factor_separated_results.tex","4705","eedc4e00a8f51b6be81b8c58b61d5842d296dabe6a79e863e77b58e4d54cc75d"
"forcewipe_v19/paper/ojcs/07b_provenance_numerical_audit_method_draft.tex","6719","f384e5b3feeeeb5933b3fe7c992824165d77c5ac39a95bc0457ab4896dfc580e"
"forcewipe_v19/paper/ojcs/07b_provenance_numerical_audit_ojcs.tex","1878","dcaa1185dca2f8a4964dc29266af7ef00c0d0e3320cf9b2383609bbb4d47d074"
"forcewipe_v19/paper/ojcs/07c_external_validity_results.tex","3171","003873ce2b415f613b69767db44eeea8a2b7c5a2b7db9bdf3d21cd429dcdb2af"
"forcewipe_v19/paper/ojcs/08_discussion_method_draft.tex","5412","5d83226f7e8766c9a03d10886e813f975481c33cd435e6e9935dd880701ca2a1"
"forcewipe_v19/paper/ojcs/09_conclusion_method_draft.tex","1741","a65760db865ee13213fa05b6378385dcccabb92368c81a82640fd97a2ea58f98"
"forcewipe_v19/paper/ojcs/11_appendix_method_draft.tex","4290","fee8f4df27c4682251a5c17cfaeea3643b063804db4e2dd673404386dfa5d94d"
"forcewipe_v19/paper/ojcs/COVER_LETTER.txt","1270","912054512e132c96ce7de0e9c69aed6a432f5396f8bf4297b9a364597205d62f"
"forcewipe_v19/paper/ojcs/figures/factor_separated_results.pdf","23267","64f61a78a8a4b178d12c6a1c46e216b179e5beaa45446202d0f59481a50b0550"
"forcewipe_v19/paper/ojcs/figures/factor_separated_results.png","108904","875f2fad03295b984fad74824db9652683dd9cb0f723400e2b943573b48a7d9d"
"forcewipe_v19/paper/ojcs/figures/ppo_training_curves.pdf","15678","9714b8cd2ea4a2aa426cbb40f3106699baf2ae95a98df0dc0ccdeff110ddcb0f"
"forcewipe_v19/paper/ojcs/figures/ppo_training_curves.png","130812","8ba6e4562ca9923dedb5fa9e29801b9952b6d6eca0476d1d979b28cad68802ee"
"forcewipe_v19/paper/ojcs/figures/ra_rmppi_architecture.pdf","22720","9d6619aba16aef73b1a5c4d802a83667241957d559dd5f74ce6cc3fa335020fc"
"forcewipe_v19/paper/ojcs/figures/ra_rmppi_architecture.png","88232","4c4ae82e234b1d6aca34883f89f97b347fcf4a5a43a5c511d5a28f31f99f825f"
"forcewipe_v19/paper/ojcs/ieeetj.cls","213452","787855f9a14f2635de40337080793daf24581b479c25e75bff676a51f30d4a37"
"forcewipe_v19/paper/ojcs/manuscript_ojcs.pdf","318234","dea9a52063655dd1ff24a1779127e2edae94a8d57b89c999e9d7952f8ed40a11"
"forcewipe_v19/paper/ojcs/manuscript_ojcs.tex","2236","dcbc62544d9fb332d47b4bb788ff577fc254aff762c24d0686bffbd9c8624695"
"forcewipe_v19/paper/ojcs/PAPER_REFERENCES.bib","14197","8a61d6438ed7604cf4926901085b043c2c9fcd8606cd3a75159f420fbc92892b"
"forcewipe_v19/paper/ojcs/root_method_draft.tex","1242","94c2b28d280e8fd7b1cbc88016c6eed0bcf7a7c97eaed1d102a9b60e45b80b03"
"forcewipe_v19/paper/ojcs/SUBMISSION_CHECKLIST.md","952","82c0c45596dbbaa82f78898054aaeb05a548ccfe0953c26c417110155207e7c5"
"forcewipe_v19/paper/ojcs/supplement_ojcs.pdf","149881","41e867da198622e54c86dcf17b555b36b39e2bb2b90817092013d3626828bcc6"
"forcewipe_v19/paper/ojcs/supplement_ojcs.tex","648","f323410370870bfdff015eda88a45478e28bf8e440d423e21c5e41df011e0bbc"
"forcewipe_v19/paper/ojcs/tables/cross_engine_transfer.tex","803","35c917f90afbbae20997f797d224b3ad6861d02c5754b6542ec1094de8b4a07e"
"forcewipe_v19/paper/ojcs/tables/deployment_gap_endpoints.tex","1003","4b3f1495b3b55187138e7b873700a847d87af965a119bf78fa9d61145c10179e"
"forcewipe_v19/paper/ojcs/tables/numerical_audit_cells.tex","2167","9a26f93ee7ca199b6bcdad1fb2c26ea668e8a79d82a56b207b2d1d777927b372"
"forcewipe_v19/paper/ojcs/TEMPLATE_SOURCE.md","1049","1ea1e5ab090a363cb0d344cd8056491b9ce79f3299790807adbacfb8fb469f16"
"forcewipe_v19/paper/ras/01_abstract_method_draft.tex","1359","a89e7d9ff43714b82636d71ec401cb64d8b965dfd87393c0d0111d98cf6b38ea"
"forcewipe_v19/paper/ras/02_introduction_method_draft.tex","4020","5686e88c2da4379d143e70c03e97f9d143ec84758ef76a0fc687b50aec630839"
"forcewipe_v19/paper/ras/03_related_work_method_draft.tex","8548","516ef3cb7a388e22f7d224094a7fc4ffd1d511b7b2a7f46f0116ac32e0382cf7"
"forcewipe_v19/paper/ras/04_simulation_task_method_draft.tex","10477","656f4cfe0dbe8607bfd4ed8ec4bdc944e01ec31328edf9a1a6fc5aa5c5d014c8"
"forcewipe_v19/paper/ras/05_risk_aware_method_draft.tex","7863","c0f214164f027f3cb31c59e375c000d7e72cd73746f98de13bea636b601fda68"
"forcewipe_v19/paper/ras/06_experimental_design_method_draft.tex","8872","0a08a6c1251a1fe9d3dd1cefb5c573b35a1d9d6f8389df15276105445e4c61a9"
"forcewipe_v19/paper/ras/07_development_results_draft.tex","4537","d021d17500c3156cf10ae4887b009e2af8f0bcb7a6c921d47ae947cffafe20b0"
"forcewipe_v19/paper/ras/07a_factor_separated_results.tex","4715","07605ad729c7a1ba6d499e43df0dff480cdd08e3e56e848fa76e5aac2c7c1477"
"forcewipe_v19/paper/ras/07b_provenance_numerical_audit_method_draft.tex","6804","50f25636771344d2090ce6e413050a280ee981f8806ecb4881015f418e965ddc"
"forcewipe_v19/paper/ras/07c_external_validity_results.tex","3171","003873ce2b415f613b69767db44eeea8a2b7c5a2b7db9bdf3d21cd429dcdb2af"
"forcewipe_v19/paper/ras/08_discussion_method_draft.tex","5412","5d83226f7e8766c9a03d10886e813f975481c33cd435e6e9935dd880701ca2a1"
"forcewipe_v19/paper/ras/09_conclusion_method_draft.tex","1741","a65760db865ee13213fa05b6378385dcccabb92368c81a82640fd97a2ea58f98"
"forcewipe_v19/paper/ras/11_appendix_method_draft.tex","4290","fee8f4df27c4682251a5c17cfaeea3643b063804db4e2dd673404386dfa5d94d"
"forcewipe_v19/paper/ras/COVER_LETTER.txt","1643","b5b6bc45f7b3f0f646ff26105e1041fded889d06c64c2062a633d82a852bd6d0"
"forcewipe_v19/paper/ras/declarations_ras.tex","1414","13cf69b9e9c6b7f1bd0099570bfb226fe9df5cbf1ddaa1c2c22bba49aa6e15f1"
"forcewipe_v19/paper/ras/figures/factor_separated_results.pdf","23267","64f61a78a8a4b178d12c6a1c46e216b179e5beaa45446202d0f59481a50b0550"
"forcewipe_v19/paper/ras/figures/factor_separated_results.png","108904","875f2fad03295b984fad74824db9652683dd9cb0f723400e2b943573b48a7d9d"
"forcewipe_v19/paper/ras/figures/ppo_training_curves.pdf","15678","9714b8cd2ea4a2aa426cbb40f3106699baf2ae95a98df0dc0ccdeff110ddcb0f"
"forcewipe_v19/paper/ras/figures/ppo_training_curves.png","130812","8ba6e4562ca9923dedb5fa9e29801b9952b6d6eca0476d1d979b28cad68802ee"
"forcewipe_v19/paper/ras/figures/ra_rmppi_architecture.pdf","22720","9d6619aba16aef73b1a5c4d802a83667241957d559dd5f74ce6cc3fa335020fc"
"forcewipe_v19/paper/ras/figures/ra_rmppi_architecture.png","88232","4c4ae82e234b1d6aca34883f89f97b347fcf4a5a43a5c511d5a28f31f99f825f"
"forcewipe_v19/paper/ras/HIGHLIGHTS.txt","364","48148e8e1991ca916e9fb8bc0db824d72cba318da2db532df0b5b82fbc1a292a"
"forcewipe_v19/paper/ras/manuscript_ras.pdf","217162","c2869f921bb4739c7f3e2ac04b3b11a7eb0406f1ad6b28ec8c1f78e0fde67568"
"forcewipe_v19/paper/ras/manuscript_ras.tex","1521","8b6278f3ae59c73ec46f1664bb90a3a1fa5c9aa92159bffe0e683eee3e250e30"
"forcewipe_v19/paper/ras/PAPER_REFERENCES.bib","14197","8a61d6438ed7604cf4926901085b043c2c9fcd8606cd3a75159f420fbc92892b"
"forcewipe_v19/paper/ras/root_method_draft.tex","1242","94c2b28d280e8fd7b1cbc88016c6eed0bcf7a7c97eaed1d102a9b60e45b80b03"
"forcewipe_v19/paper/ras/SUBMISSION_CHECKLIST.md","908","57442f6d2c8a24fe021ad0be6400ce92c63bc0225e99bbe745046cbd047ace12"
"forcewipe_v19/paper/ras/tables/cross_engine_transfer.tex","803","35c917f90afbbae20997f797d224b3ad6861d02c5754b6542ec1094de8b4a07e"
"forcewipe_v19/paper/ras/tables/deployment_gap_endpoints.tex","1003","4b3f1495b3b55187138e7b873700a847d87af965a119bf78fa9d61145c10179e"
"forcewipe_v19/paper/ras/tables/numerical_audit_cells.tex","2167","9a26f93ee7ca199b6bcdad1fb2c26ea668e8a79d82a56b207b2d1d777927b372"
"forcewipe_v19/release/runtime_source/tdmpc2_config.yaml","16913","5e9ef546caa749efe600ae78ca94976bf3af1b4072306563afbbba97c4f60d40"
"forcewipe_v19/release/runtime_source/tdmpc2/__init__.py","0","e3b0c44298fc1c149afbf4c8996fb92427ae41e4649b934ca495991b7852b855"
"forcewipe_v19/release/runtime_source/tdmpc2/common/__init__.py","2837","d7714a0f5a5ed2a40542cf5cd69f9504fcd876dc8f9f5cba02e877c435c88e99"
"forcewipe_v19/release/runtime_source/tdmpc2/common/buffer.py","3758","0055c61199d2ffef3065f793c88c5d109b3a22d65a995c87f4909e3735b4bbe7"
"forcewipe_v19/release/runtime_source/tdmpc2/common/init.py","579","652eb32a8f9e98fc57b5e0b1449cc074da90f838ab9549a6ed7fc13b2b9e024d"
"forcewipe_v19/release/runtime_source/tdmpc2/common/layers.py","7108","f680363e235bc320c64acb512bae95ec4a111e64036adac8b1b61da7b511796e"
"forcewipe_v19/release/runtime_source/tdmpc2/common/logger.py","7030","d545292077a09e70d03f754003e92d53c7fb53174b1628a29d6be2106fe453b6"
"forcewipe_v19/release/runtime_source/tdmpc2/common/math.py","3327","43f2c33ba2370a50fa302693a87f15ed0f79bf50102c1356cb1d79794d40f294"
"forcewipe_v19/release/runtime_source/tdmpc2/common/parser.py","2281","fad3282dc4f1a655dd988e91b52e634b1052d41b660fd1ee044fdf80cf8ad22b"
"forcewipe_v19/release/runtime_source/tdmpc2/common/scale.py","1667","cf61f2c7a1ac0f13a2638f5022adcf20283d6544f8ce218581b3290d9a03d5a7"
"forcewipe_v19/release/runtime_source/tdmpc2/common/seed.py","206","f77ca34f6ae0b489d740ad25bf6a8efc217a4610e19fec4a83d5b30a995b7dbd"
"forcewipe_v19/release/runtime_source/tdmpc2/common/world_model.py","13608","eedca8e9a9847940e8789b6d62569743ae53edfd1cf3c4340665f409be5be559"
"forcewipe_v19/release/runtime_source/tdmpc2/config.yaml","16913","5e9ef546caa749efe600ae78ca94976bf3af1b4072306563afbbba97c4f60d40"
"forcewipe_v19/release/runtime_source/tdmpc2/envs/__init__.py","2601","1a037322cf86f1c1c33999c31bd138bd2d6be9759d5435b6229cc1149bcd6f73"
"forcewipe_v19/release/runtime_source/tdmpc2/envs/dmcontrol.py","3430","ec61b4b90b2c14f281446c4146146753b9fbd95657e205dd09f30a6ab47c85b2"
"forcewipe_v19/release/runtime_source/tdmpc2/envs/force_press.py","21370","40b17415eca9ca7fd9c3bddb2b0e462bc464224ad4f4cfc3b6a973bfa8903e2c"
"forcewipe_v19/release/runtime_source/tdmpc2/envs/maniskill.py","1894","ac6f219295c8157cda8e78048df825771c3f3b3d480f8143aad7749d991f3fc5"
"forcewipe_v19/release/runtime_source/tdmpc2/envs/metaworld.py","1459","d90a0ad93dd32054c2c9a80569449680905821b7c50a6e530cf5f012f5b8f9f0"
"forcewipe_v19/release/runtime_source/tdmpc2/envs/mujoco.py","1812","fa80a221f560bc7ada49e2ee38cd5f74fd2d46789a3f89184b06337e9b2307ab"
"forcewipe_v19/release/runtime_source/tdmpc2/envs/myosuite.py","1583","86fa45d397b13605422890523f1c50c9c96f4f1c2d97bd078c3a99664ad5dfb1"
"forcewipe_v19/release/runtime_source/tdmpc2/envs/tasks/__init__.py","0","e3b0c44298fc1c149afbf4c8996fb92427ae41e4649b934ca495991b7852b855"
"forcewipe_v19/release/runtime_source/tdmpc2/envs/tasks/ball_in_cup.py","3772","e7d0a29c97f2ede402cb4bf86adddc97c82483af83d8e6688bc73ab2606c537a"
"forcewipe_v19/release/runtime_source/tdmpc2/envs/tasks/ball_in_cup.xml","1870","1c2cdb18db9adbe8822220662dd2281c01b5bc94d5dd6b4c2f7fca5da2ea0a06"
"forcewipe_v19/release/runtime_source/tdmpc2/envs/tasks/cheetah.py","12110","98b09bff2d32d9ea94109fcbefcbe19d6691a464cfc111d3d10bbea7433cf15a"
"forcewipe_v19/release/runtime_source/tdmpc2/envs/tasks/cheetah.xml","3318","e0ca07b18e50df0b4d4c65efa1a3ec45935fb05b7d3b1bb32b50b66950447465"
"forcewipe_v19/release/runtime_source/tdmpc2/envs/tasks/fish.py","2971","7ded518285c364e6913999de51c26a80e94c9f056d31d710c01a338c8a34ddc3"
"forcewipe_v19/release/runtime_source/tdmpc2/envs/tasks/fish.xml","4419","52eb8249718c1944d2f011e0709fb84b1cc0d20da36f86cdbf2f7e61a7814b69"
"forcewipe_v19/release/runtime_source/tdmpc2/envs/tasks/hopper.py","3666","8f815b648b7aa1223b25a89b7d28bdf75e406c93b3b66469ffadca094486f066"
"forcewipe_v19/release/runtime_source/tdmpc2/envs/tasks/hopper.xml","2605","6e86c37515e34af796af664c4e24e0586e4047fe5243f304de119e83769048b8"
"forcewipe_v19/release/runtime_source/tdmpc2/envs/tasks/pendulum.py","1412","2ce9060621e355c1a1984925602c08b936dc46bd81a8d248b020553a3e66a0e4"
"forcewipe_v19/release/runtime_source/tdmpc2/envs/tasks/pendulum.xml","1058","6ce0aceacde5bd30bf9965d08a7f4e31e61319d85b59b03c1bda523e5710a115"
"forcewipe_v19/release/runtime_source/tdmpc2/envs/tasks/reacher_four_links.xml","2560","52caeddbd86759d11428facc620c28507cceb8c8e17ff6e9d653927de7239d48"
"forcewipe_v19/release/runtime_source/tdmpc2/envs/tasks/reacher_three_links.xml","2253","385877ac308bfc4ae9b601f8300e93a02b1789634cfde8b8c8de49faf57056ce"
"forcewipe_v19/release/runtime_source/tdmpc2/envs/tasks/reacher.py","3558","3e607a8d0bbb005a3468a4a4a7bcc9ba8731e22750b6d5f35e98169f6a85b6a6"
"forcewipe_v19/release/runtime_source/tdmpc2/envs/tasks/walker.py","10640","a51df23f1fc966bbd926a3614a0efd05933d11d3036fa279fd30f2c73d1017ce"
"forcewipe_v19/release/runtime_source/tdmpc2/envs/tasks/walker.xml","2961","083fe75724584a33716efe96b78f9adec333db9e31291f58a41e76e4a6782803"
"forcewipe_v19/release/runtime_source/tdmpc2/envs/wrappers/__init__.py","0","e3b0c44298fc1c149afbf4c8996fb92427ae41e4649b934ca495991b7852b855"
"forcewipe_v19/release/runtime_source/tdmpc2/envs/wrappers/multitask.py","1584","bf1f26deb8f4f014b7dd0cdd4f68033aeba78b6fc2029a89484bcc6df6e51d08"
"forcewipe_v19/release/runtime_source/tdmpc2/envs/wrappers/tensor.py","1088","32b38f2ae243ad9307611aaa43e7685b1d8766dea13925cae1199daaf948a6fc"
"forcewipe_v19/release/runtime_source/tdmpc2/envs/wrappers/timeout.py","564","bb00d092582d82eda7c0865033f256771fe700fefb5e700cf1495f0734e3f3c3"
"forcewipe_v19/release/runtime_source/tdmpc2/evaluate_forcewipe_heldout.py","6431","1e9d758e3470a239ab7bf89bab607961e93b84c73e26416bba84883dfe598698"
"forcewipe_v19/release/runtime_source/tdmpc2/evaluate.py","3610","d25fc8f011c3f1ca664db81320f86c4b62fd47e9a10e4657563cab2674fffd20"
"forcewipe_v19/release/runtime_source/tdmpc2/tdmpc2.py","57733","404f4df098b69e74e1131f2dd06da2ed146322151b2c5259b16d22ea31c79c77"
"forcewipe_v19/release/runtime_source/tdmpc2/train.py","1779","13d9672ee827298c4b86bbd3561bcb58b3009951eb9f19ef2af14845ea235be8"
"forcewipe_v19/release/runtime_source/tdmpc2/trainer/__init__.py","0","e3b0c44298fc1c149afbf4c8996fb92427ae41e4649b934ca495991b7852b855"
"forcewipe_v19/release/runtime_source/tdmpc2/trainer/base.py","411","5194d2cd37572b05131fa18933f1fc06288c090b50956e754e3aaf21681b278b"
"forcewipe_v19/release/runtime_source/tdmpc2/trainer/offline_trainer.py","3326","9dfaf833623daa9a7ced8d1fa788716a7155d5ff2cc09c922697b62ac54f4957"
"forcewipe_v19/release/runtime_source/tdmpc2/trainer/online_trainer.py","151244","054bf05dd4ebffe33ebcb5c0d4f837d71c58b53ed446f8bea86d6245d8834c3e"
"forcewipe_v19/results/analysis/crosssim_r3_independent_audit.json","5228","42bc33879ccd4015de57454d4ca200f76e118fe56f2987fdedc01d09093650e6"
"forcewipe_v19/results/analysis/deployment_gap_stress_20260920/CONDITION_SUMMARY.csv","4410","a4a374b9a18726dd6a11f050b9f3eb87b919f8828eec87b69d346c7db2dd1778"
"forcewipe_v19/results/analysis/deployment_gap_stress_20260920/INDEPENDENT_AUDIT.json","2386","1297069d09cbf9c04cfa1db5dad9d8b0df9df0498e953b03359eec30904eb9c2"
"forcewipe_v19/results/analysis/deployment_gap_stress_20260920/PAIRED_INTERVALS.csv","29821","40cdaf33f045ddf1e25ed4bb0bfa1d994281b250341b4953e674422059f5e800"
"forcewipe_v19/results/analysis/deployment_gap_stress_20260920/RESULT.json","87579","15cf724797c9d86f876aaf25aa6e05fa960711e1e2e47556439be27834cc5115"
"forcewipe_v19/results/analysis/manuscript_experiment_design_audit/MANUSCRIPT_EXPERIMENT_NUMBER_AUDIT.json","9694","22d927afbf15b99d056158f1f7888b9673bccb77003e0ff008318c2d9e18432b"
"forcewipe_v19/results/analysis/ppo_budget_sensitivity/DEV_ENDPOINT_SUMMARY.csv","608","754f133480529f47e1fd79b0405cabb5130a6829ddc22def2ea239fdb238b184"
"forcewipe_v19/results/analysis/ppo_budget_sensitivity/DEV_SELECTION_RESULT.json","4206","a10ec51ad188a6a0142983ce1fcb53467d8c2cc51f1dcedcacff152fcc9c7168"
"forcewipe_v19/results/analysis/v19_envelope_ablation/ENVELOPE_ABLATION_ANALYSIS.json","3398","fb0a718112b3131b6478be5d41d02795eaf0ddc2aaf4706bccaca2123d328d22"
"forcewipe_v19/results/analysis/v19_envelope_ablation/envelope_ablation.pdf","17981","8e4d3f97aaea8852501e40c383a5129b061db9983868f9266d92519ac76a99b4"
"forcewipe_v19/results/analysis/v19_envelope_ablation/envelope_ablation.png","101106","f916f7c8da56543c1a16306651d8893c92e081cf749ee46d3352685e5067e7b6"
"forcewipe_v19/results/analysis/v19_envelope_ablation/ENVELOPE_TARGET_SUMMARY.csv","1055","2d39412c83e3b422c445ffae68ed9ff81a18c933dc6da4a1bad68949f82b1b98"
"forcewipe_v19/results/analysis/v19_factor_separated_m1_m4/FACTOR_LEVEL_SUMMARY.csv","2246","bdc37cf5f6f7e180f2f5b308320dd3744e41b44ddd96ac817fea7b7a0dfffe7d"
"forcewipe_v19/results/analysis/v19_factor_separated_m1_m4/FACTOR_SEPARATED_ANALYSIS.json","9036","030ba2ef7c7586a64912ce039a7c0a85fffa8371d2a3ff9e26dc3d4f7b82ac7e"
"forcewipe_v19/results/analysis/v19_factor_separated_m1_m4/PAIRED_DIFFERENCES.csv","53125","b01b07be006c49967582b6767f7e38435f114507a9a55d2bf86768f5d108957f"
"forcewipe_v19/results/analysis/v19_factor_separated_m1_m4/PAIRED_INTERVALS.csv","833","32d0050dcac96204393bac7f361e721bf6ae1f16d9267d0dbe52412f426bef55"
"forcewipe_v19/results/analysis/v19_historical_threshold_sensitivity/historical_threshold_sensitivity.pdf","20511","a39cfb096bc8bef4604b39787de329c24b4488c4bc5f632d5fd58fd35b78b4bc"
"forcewipe_v19/results/analysis/v19_historical_threshold_sensitivity/historical_threshold_sensitivity.png","108434","9b83746efec3c02db57ad46595b1a17eddcafe8c2398badf5fe30a049cc07128"
"forcewipe_v19/results/analysis/v19_historical_threshold_sensitivity/THRESHOLD_SENSITIVITY_ANALYSIS.json","6970","5a1abd0c580441b491a86f0a25e02f503ab321b6889a48daedfa946337b230ff"
"forcewipe_v19/results/analysis/v19_historical_threshold_sensitivity/THRESHOLD_TARGET_SUMMARY.csv","1863","aecba6cae901bdace1898caab30a3b6f53f6c9a98695ed97cc47291354dc4393"
"forcewipe_v19/results/analysis/v19_mujoco_zero_shot_transfer_independent_audit.json","2063","8b16128d7d81845bd0d5738d9f5ed72dc0f202be893c69663b67d4f10745ac30"
"forcewipe_v19/results/analysis/v19_ppo_training_fairness/ppo_training_curves.pdf","15678","9714b8cd2ea4a2aa426cbb40f3106699baf2ae95a98df0dc0ccdeff110ddcb0f"
"forcewipe_v19/results/analysis/v19_ppo_training_fairness/ppo_training_curves.png","130812","8ba6e4562ca9923dedb5fa9e29801b9952b6d6eca0476d1d979b28cad68802ee"
"forcewipe_v19/results/analysis/v19_ppo_training_fairness/PPO_TRAINING_ENDPOINTS.csv","398","2acd2d0fd83c5b5f35592736b22da667ec45ead0016627af366c2ff63d24c9ed"
"forcewipe_v19/results/analysis/v19_ppo_training_fairness/PPO_TRAINING_FAIRNESS_SUMMARY.json","775","9402d692fcc8b1f438ec8bc4503d0d802b8cc10146dceccfcd7f2985f12de5f8"
"forcewipe_v19/results/code_only/DEPLOYMENT_GAP_BINDING_AUDIT_2026-09-20.json","39949","e01770ad722de3f9865b6b40d047109135c33bf972af4e2696fe81896d0b5578"
"forcewipe_v19/results/crosssim/MANIFEST.json","7964","e50b7719547f646f44fe71d25d76df0351d111c9fc6acc331b381744a6036ce7"
"forcewipe_v19/results/crosssim/RESULT.json","87532","fef322d2e3c4aa25a556751ff5954a9b5a5e7eb2304b8ebd9163a648df99da3e"
"forcewipe_v19/results/crosssim/RUN_DEFINITION.json","3052","333df28694bcad3bdcfb2e0a9fc5b2a76923d107f4fa7001da03a7123ac122c3"
"forcewipe_v19/results/deployment_gap/RESULT.json","1228469","779ca44bb4c3a475b6d15023262e33cca57a7d164315ff2225ab892eff54ef1d"
"forcewipe_v19/results/factor_separated/RESULT.json","446016","c5e38f134ab70c537cf8156e11c91ffc499bee18a5027c22bbe68b971cf8829d"
"forcewipe_v19/results/ppo_confirmation/RESULT.json","323120","2087a6fdb66195107ef2720a8de62f4fe8c6660d9fe3d9889557096186e92a52"
"forcewipe_v19/results/training/seed_201/RESULT.json","1522","e7d1646748c4040b6ebe86399a59b7f0c57fcc4045b77f280437c45fc9666a5d"
"forcewipe_v19/results/training/seed_201/TRAIN_VALIDATION_CALIBRATION.json","1378","3dadf7a847211befd45c806bc31c0067d99f10ca3b9b12d74f73fa1f7cfd64f3"
"forcewipe_v19/results/training/seed_201/TRAINING_METRICS.jsonl","25234","97d2f802b64153a59bc8088a0e2c83b1ad371af82b4a4f65a18ab6dfe92d9b10"
"forcewipe_v19/results/training/seed_202/RESULT.json","1642","94b86a828ae0f911528fc1ff42cbb8035689e18bf4afbd6bfabf78068120f1e4"
"forcewipe_v19/results/training/seed_202/TRAIN_VALIDATION_CALIBRATION.json","1379","5e6002af9567dbfe2069289202016460c544b128b3085df609c86053c9fc6fca"
"forcewipe_v19/results/training/seed_202/TRAINING_METRICS.jsonl","25218","3cddb3eb3b43ca81bac28f940de1aa50f348c3ff1b505f63a6946fd83cbc4e3b"
"forcewipe_v19/results/training/seed_203/RESULT.json","1659","27262e8a157557eacb7960f7f6522f0a9d8f178db5cc4236efc6a4a6450d6a92"
"forcewipe_v19/results/training/seed_203/TRAIN_VALIDATION_CALIBRATION.json","1376","9093966f70f8eb94bd1dc409013c7f7184f60ad27d6d48b67487223584f23bd5"
"forcewipe_v19/results/training/seed_203/TRAINING_METRICS.jsonl","25213","2cc23bdbd95cc31c5a3ced0804210db90a4b663868197ab4212f820224d14a07"
"forcewipe_v19/results/training/seed_204/RESULT.json","1643","2590da9f50095adfd92a6c7227064ae4a51a6bd8dc86dfc876087097b2d8ffd5"
"forcewipe_v19/results/training/seed_204/TRAIN_VALIDATION_CALIBRATION.json","1378","892dd2e1d2f08c994a4b83070202aa903445144fd9afb72ad0b18ddc4e52d1ba"
"forcewipe_v19/results/training/seed_204/TRAINING_METRICS.jsonl","25229","9b7323c198b3f3d15ff210cadd9056ced043be4bc62113325991af2fd8fc182f"
"forcewipe_v19/results/training/seed_205/RESULT.json","1642","2072215090da899b1cbf3504ed3deac3d3272bff4f08141b763ae5fb0f09f717"
"forcewipe_v19/results/training/seed_205/TRAIN_VALIDATION_CALIBRATION.json","1378","323d959e1e2183b0bf468e591f7c957b56b66e9783e22e37db94f4ccbed27ae8"
"forcewipe_v19/results/training/seed_205/TRAINING_METRICS.jsonl","25215","f5129bc6e7c456192e417e0c95ff0cdca3bc819ef1c494f7d68c2b08510d91e2"
"forcewipe_v19/scripts/analyze_deployment_gap_stress.py","8525","df372e2c8a86abbb01b43d7d72a0d77c4a022a62ce34c29ed6de105b48916d15"
"forcewipe_v19/scripts/analyze_ppo_sensitivity_dev.py","4033","29e45d2d43dac697d578432b6b7345c70b13e3b6479c97ac49c79aac3c74e589"
"forcewipe_v19/scripts/analyze_v19_envelope_ablation.py","4601","d1991d478cc0f95cf1b3fd8ba71d89da79811c8ac037238eb9ec82885eff1d7a"
"forcewipe_v19/scripts/analyze_v19_factor_separated_evaluation.py","6265","5c7281136e02fd946828bc46377c2c8ebc2b70dfb66ce1ac38257468fa7c51b5"
"forcewipe_v19/scripts/analyze_v19_ppo_training_fairness.py","5444","cf201606927be2d43fc31eb8cbaa4c785bcb0fd8bbac3c2e8561838b44ab35af"
"forcewipe_v19/scripts/analyze_v19_threshold_sensitivity.py","4188","016aa22762e1656142864ec8215bf8bf20c3eec8d67557ff372f0d025d33db3e"
"forcewipe_v19/scripts/audit_crosssim_r3_result.py","3412","6826564c6720ec839daef5b4ded5747dd340e08f7df724895126d4338b4b17b7"
"forcewipe_v19/scripts/audit_deployment_gap_completed.py","10885","6c911622e9efb89235540df48af213723150845df0ed2de2e6fa3c51ada60a11"
"forcewipe_v19/scripts/audit_manuscript_experiment_numbers.py","18736","23723aeb03abea93d180b6f27db0f3e5c1db3e124227493d04cc9324510b2448"
"forcewipe_v19/scripts/audit_v19_mujoco_zero_shot_transfer.py","7447","0dd95508bbfa324297b46f4c5b42c431f8505a001b9f36d6d1f5b6d850b8dca1"
"forcewipe_v19/scripts/audit_v19_offline_planning_smoke.py","6434","942acafecc386f8ad85f66fa689754e369e3a6220065f4697ff56ea10ca9604c"
"forcewipe_v19/scripts/build_adviser_revision_report.py","17557","c91a48d60bc249ad0745e5ae3812bb20ca2ee7ed34509140acda4843d4e3dc36"
"forcewipe_v19/scripts/build_v19_anonymous_artifact.py","10916","cce40d81995bf65ce8638ceabc85bd71230bb89a185678c8337df1713af30be1"
"forcewipe_v19/scripts/calibrate_v19_force_uncertainty.py","7528","cb4907f741e7fc4b570d905a089b2ffa20ebfbe4c754f3054b2a6e597e820a96"
"forcewipe_v19/scripts/calibrate_v19_trained_seed.py","5303","52f4688b6d414cd45e810fad315ba6472c37a3b82cde7d320c51b0d168771add"
"forcewipe_v19/scripts/develop_crosssim_r3_actuator_fit.py","4475","a27b267a6ede2423e83c586c3393fea11320be2f6a286cabd89aa4f82cadae38"
"forcewipe_v19/scripts/develop_crosssim_r3_fit.py","5952","9d3caeceb104e95b0e06b00b9fd03e6eafe1e4a4adf00cdfc37df9b106f39dc2"
"forcewipe_v19/scripts/develop_crosssim_r4_support_scale.py","4054","b299f9824f5ee1fe0a4ce591cf880499691835afaea864589712ddb1fd9aa167"
"forcewipe_v19/scripts/develop_crosssim_r4_tangent_fit.py","5447","24491e5b9c0ca4c5df57d70e8da66af26771fb7bb28c1584f5fac566aaef14ae"
"forcewipe_v19/scripts/develop_crosssim_r4b_joint_contact_fit.py","4654","5ccd8fe27e5fd5e8df7c8259be7e5bcdbc6bfdefeb9d9df11e9ff5b7f34cfed4"
"forcewipe_v19/scripts/diagnose_crosssim_port.py","4100","963182507b617482dc08f99f5cbc278e2ac54c9a7624da31731be9722ec33f5d"
"forcewipe_v19/scripts/diagnose_crosssim_r4_tangent_contact.py","4998","62a5584ff49363fab751cbe86118cf89a2ee5d476c073734d7e9823aaf5129b1"
"forcewipe_v19/scripts/evaluate_ppo_sensitivity_dev.py","9442","0ddb3e7f743719d40098143f9e2c9f7ccc595a4544dbfeab1f3d0f6a66c28ea8"
"forcewipe_v19/scripts/finalize_v19_bc_ablation_dev.py","8434","5530ff72841bb05a8bdd3d8723ae095c41a0108c1e0a1916b90b96b1a2622186"
"forcewipe_v19/scripts/make_v19_factor_results_figure.py","3557","0b5f44d3c614cbdf5612802abc9759ff7a0c5cf1e93b0a9c8d6f49fe1e7dc2bf"
"forcewipe_v19/scripts/make_v19_method_figure.py","4122","c94ee5a969e469991845d679b3d263f9c4048e2e4a3382e6d84af4ad989f7be5"
"forcewipe_v19/scripts/render_deployment_gap_paper_materials.py","6152","aa2f3f9de269eb228aad2322754fb25ae1d9f9609174e7706f6d8b8e6cc1210f"
"forcewipe_v19/scripts/run_crosssim_calibration_r3.py","6323","88d558d0382320de822d49dabaaafdcd952ccb2ea1a9b674f117921525e84196"
"forcewipe_v19/scripts/run_crosssim_calibration.py","7656","68eb79238986238a1760f975854a2b79247fd8a9e99088aeb7fc2622d83dde0c"
"forcewipe_v19/scripts/run_deployment_gap_stress.py","11137","89a6b11a561e91a54a27ec5cc686e4066b37f702151ff425a8c47e681823f58a"
"forcewipe_v19/scripts/run_ppo_budget_sensitivity_pipeline.py","3355","4d1cb46327fe7e305e024f0246b8af5486682a6a5ab2ba15c75dc13ccb8e5ca3"
"forcewipe_v19/scripts/run_ppo_selected_confirmation.py","11133","cda8eb0503050b007576624a233570c5c3ef682bc8da90a45630198e6c92e8bf"
"forcewipe_v19/scripts/run_v19_factor_separated_evaluation_once.py","7928","075f4649c792a11ca7811bdb3e44a6d10b30dece30c806f6016add3c42c8b1eb"
"forcewipe_v19/scripts/run_v19_historical_threshold_sensitivity_dev.py","10644","1e66bc69379719f929eac29db33106c359af24d668b28f56e184919bdd662616"
"forcewipe_v19/scripts/run_v19_mujoco_zero_shot_transfer_once.py","15203","22f3ff283419e31176aed81a23dc957ea14f8ec679d47cfed1a509a28791b2eb"
"forcewipe_v19/scripts/run_v19_seed201_method_dev12.py","16680","58b3669a4c98f00ad6b1d41010d4bcf87d32614e1ae3108074f55044fa129269"
"forcewipe_v19/scripts/smoke_ppo_budget_sensitivity.py","1927","ab72382b5314f34b3e0eea6dd91821de9fb4c07c250787424fb30fcba0e5994c"
"forcewipe_v19/scripts/train_ppo_budget_sensitivity.py","9346","34895613cdfede4040c6d4705efa7b0729b8104cf0ec8fd3a4bd96155cd92695"
"forcewipe_v19/scripts/train_v19_force_conditioned_seed.py","10089","b15b4ab3d1a306b632de032c1cae3520762650fca1824667eb8ddc8191f505de"
"forcewipe_v19/scripts/train_v19_main_roster.py","3679","155900d27fd5e1382fca09d6dcfec69d581452c38bfa24add93d803f134020c7"
"forcewipe_v19/scripts/verify_deployment_gap_binding.py","4544","fe95dc8d3eb4d3a1abe43a12f41c0ef6a2ede9b8bb6cb2bd9d144ce67b3f13f9"
"forcewipe_v19/tests/test_calibration.py","1128","8d568115781a1e67ebd29dca8224a0f3549fd750e7eebd364e5a02d79171cb3d"
"forcewipe_v19/tests/test_crosssim_calibration_r3.py","1197","1870508cf7d619541bccf972d056efec1690387829cc48be08310b22005132d1"
"forcewipe_v19/tests/test_crosssim_calibration.py","1503","2effec893bbe68ff41e398b9bfc2af3b014d63c10304e9783ac676fb0a1d5c3e"
"forcewipe_v19/tests/test_deployment_gap.py","3346","c83acc61e2e43e81aa7dc9807fc78676c5c87f9905fe19474278044537605ff0"
"forcewipe_v19/tests/test_factor_separated_scenarios.py","1386","75072a4937f4e8b4f4953a7675c9a446fbb80488e01f30f2dad8720786bc97d2"
"forcewipe_v19/tests/test_force_conditioned_world_model.py","2363","94f9f60f3838b4d5196bef8c3d60ad007ec0dabdf67ff381fa4f56148b6430ac"
"forcewipe_v19/tests/test_mujoco_crosssim_env.py","6695","4404b20d83110b48340ae6b5d38be23fafa757b59e639023e5e082b973b8a063"
"forcewipe_v19/tests/test_ppo_budget_sensitivity.py","3063","747fd4463d2fa95bb4dc51b51751e98c625a8c19e2a6610908fcabb064b33d01"
"forcewipe_v19/tests/test_risk_aware_mppi_contract.py","2291","1e59dd88b4e9294a0a1b56ad27fdaaf32dd74de099e53f6bcf88827d015fac78"
"forcewipe_v19/tests/test_risk_conditioning.py","2470","314603e4eaaea489aaf699a59c7f183b20fbbf77ec32627f2eed811270b9baf6"
"forcewipe_v19/tests/test_threshold_sensitive_actor_to_mppi.py","890","33c602682499a917346f0566bceefe73c8952bcbc33370c8b933d2abc538b913"
"forcewipe_v4/code/forcewipe_v4/__init__.py","11107","2035b78d375086dc8b7ccef182835fc34ad662062b795bc6564a7c0dd60a6f37"
"forcewipe_v4/code/forcewipe_v4/ablations.py","2860","4a158081e2a1479f70e7f4a3c733c190888107fb5dad5a610ac4fbe51a36438b"
"forcewipe_v4/code/forcewipe_v4/action_shield.py","5086","1b39ea85ab0bd7b680916a34db28aced7954b3ab03de62c4b324d4c2a87c7a70"
"forcewipe_v4/code/forcewipe_v4/authority.py","7082","f3d20d4fc410fa0d869f3c636af375dfca043bda954ff7a38774b9feb06d9ff4"
"forcewipe_v4/code/forcewipe_v4/baseline_fidelity.py","7585","cc4e86a31928e29d90f4c0c9c1c9ff3165fe466f0f1ffb9bb5b115973f55ef29"
"forcewipe_v4/code/forcewipe_v4/decision_protocol.py","15902","f3137a1f48584a6f81a9f6798d776500cecd90c91eedb12789323fbd1541b6a4"
"forcewipe_v4/code/forcewipe_v4/disturbances.py","4725","a0dd2fafbc4c298fe054df2225e317cefd5920071c4f860115ee605e4e64f513"
"forcewipe_v4/code/forcewipe_v4/force_stream_tables.py","14888","53b2ad9bbf914617f434b3e2b6a0f4d1252f2dcf24ff5bd12fd90c07d16e02e1"
"forcewipe_v4/code/forcewipe_v4/high_level_training.py","16140","e96be55c9f594512a12929964298599bbd59313624716e1c1d0e7870cc1d2e08"
"forcewipe_v4/code/forcewipe_v4/information_flow.py","21189","fb5e662f0a010df1102a36d102573fb68730fbd927bb543585d652bfbf382b41"
"forcewipe_v4/code/forcewipe_v4/lifecycle.py","6586","2c56e094c2825e8541391069bf95aa55a3afffdef0fb9cb64f7c62a3f53a86bc"
"forcewipe_v4/code/forcewipe_v4/low_level_baselines.py","19054","586485d14c47e38a96280593f884956c3d9715d379d191ff2f01e171508bba9b"
"forcewipe_v4/code/forcewipe_v4/low_level_control_v5_3_r2.py","11391","c49e442c534fa58466097085652d612b1ca7e9cb80487074c0dec8811cbe6301"
"forcewipe_v4/code/forcewipe_v4/low_level_control_v5_3.py","15798","65605710f7e0b31d661c3c53e33986177b41540442e017df8fd0fd1a4434b3cb"
"forcewipe_v4/code/forcewipe_v4/low_level_control_v5_4.py","6754","bc8aaf9570e02a8ba5626b6ac7afca3ffbfb795940cd673ce4cfdca43994a6bc"
"forcewipe_v4/code/forcewipe_v4/low_level_control_v5_5.py","4102","4134723d851d9751a0d15b4b855b85dc2c8bd600cc80ffe333a43cde30e9dc0b"
"forcewipe_v4/code/forcewipe_v4/low_level_control_v5_6_r2.py","3887","dfd129687b619475ebe2bc952cc91c4e5e4cda9411fb754c92d59830c9fa1d1c"
"forcewipe_v4/code/forcewipe_v4/low_level_control_v5_6.py","5306","b4eb24d00f5d4e7fd51ec3b078b6869d580421bcb800e2e6ba07ff0d947659e9"
"forcewipe_v4/code/forcewipe_v4/low_level_control_v5_7.py","8851","1177394f16bff6def91560c8281a673a1f55089ee74cb1d3b8d0d4a80ba4e708"
"forcewipe_v4/code/forcewipe_v4/low_level_control.py","6055","340d5430cd57a48ffe8956254fd176f27d464c203136fdc48324bfe691c95567"
"forcewipe_v4/code/forcewipe_v4/matched_policy_encoder.py","9956","8cf467818eed080143ce7236b2c68e18950d2a0027a461ab26c04fd46fec6570"
"forcewipe_v4/code/forcewipe_v4/modality_adapter.py","11279","5a138a4e5b47488f90da5baa66ac21ba9534d95e45d3b5b16651e7781865de96"
"forcewipe_v4/code/forcewipe_v4/native_bridge.py","9037","3e4bbae061defa3120fb6a0ce3660b8dc4e3e25afddf0085c9a5fa36bd61e2eb"
"forcewipe_v4/code/forcewipe_v4/path_pose_control_v5_3_r2.py","15534","5f748b153f97358af6a7830ace99c3c2a96e90ffa97202830a04fca15a7a4a87"
"forcewipe_v4/code/forcewipe_v4/path_pose_control_v5_3_r3.py","11011","f5effd5638a66496d0163c143328db4bd75a176746c28e2f1d42e660d0d5541b"
"forcewipe_v4/code/forcewipe_v4/path_pose_control_v5_4.py","10614","1c72f5f4584618a5957171554cbf75762d20d0da63614c0679268a7bcc2f0751"
"forcewipe_v4/code/forcewipe_v4/path_pose_control_v5_5_r2.py","4528","1d16a3cbf422d1117338217e30443e193ccc62eca65e1001b884f53dd09f67d6"
"forcewipe_v4/code/forcewipe_v4/path_pose_control_v5_5.py","13201","a271728c5d2ad8090b872d61e05e5ed111e4a54fcf2bc704d2452cad49ceaad6"
"forcewipe_v4/code/forcewipe_v4/path_pose_control_v5_6_r2.py","8218","919b35c98bde6dad33780092ceb4ce02ac3363fc34efce2cf43a4ec8c3edecc8"
"forcewipe_v4/code/forcewipe_v4/path_pose_control_v5_6.py","7606","fb1933a62c816c5b80d7d3a42bd95917b43681460d23e77d5a9c82bd3c055e6c"
"forcewipe_v4/code/forcewipe_v4/path_pose_control_v5_7.py","7066","05075bdd1f7c18e5926d1a436c350dbb87024a4f8dc2faeeb36234978c19e98d"
"forcewipe_v4/code/forcewipe_v4/path_pose_control.py","9774","4bedb02f405f0b8d7a40500409b5c3e1861faab98ad475b4a02dc35d6e82910e"
"forcewipe_v4/code/forcewipe_v4/physics_compatibility.py","7899","3eda36cf1acfe0067139b7d61ed3bcc55a23ac6d9d42e97c5a3588172b9f5505"
"forcewipe_v4/code/forcewipe_v4/plant_numerics.py","4421","2d09f4902e8be3f20a0ff9c72beb152d14fb4d64a285e98c066d78f1cc0cdfb3"
"forcewipe_v4/code/forcewipe_v4/ppo_training.py","25898","0e8c365a510ccead48dff003d0498e3ea0b950bf1b81fe96af36d1e99aa8c454"
"forcewipe_v4/code/forcewipe_v4/primitive_pose_control.py","17440","018e282403abbe52d0cffa22e63373ffe8c6a27ae3a5daf621c2aa8884d9138f"
"forcewipe_v4/code/forcewipe_v4/primitives.py","10433","7bf8f0212bf2e6dc5c04f20d3a1dac7d382ed938a464dfc38fd0d0b641e263df"
"forcewipe_v4/code/forcewipe_v4/residual.py","11086","c7c0f4e712f266e61f8ffdc72ed241b1a471f442b74a0fb78ef90428f5992b99"
"forcewipe_v4/code/forcewipe_v4/sapien_adapter.py","13764","f608d4f8875fc34b6f7ff98340d447e74b397442dc02a4adbe5c08cf653c19a2"
"forcewipe_v4/code/forcewipe_v4/sapien_training_backend.py","46412","8869da43d474b105cf4e07dc11b202023df918c95993fbe95dcff211dffee2b2"
"forcewipe_v4/code/forcewipe_v4/sapien_v4_env.py","24723","ff37b7d46701e60c9892eaeb770e1b2c5d07c56b460d7179d1918c95c1d99a58"
"forcewipe_v4/code/forcewipe_v4/scenarios.py","20938","8d4f27d0c79c19f6dcc73708e8413c4c93d82b0a03e1c765dd83bcd30ee301f1"
"forcewipe_v4/code/forcewipe_v4/scene_geometry.py","12677","2978e44b28e3df262d8457c62ad44afb9a68568e7d70d806c30d886967ef9452"
"forcewipe_v4/code/forcewipe_v4/simulated_vision.py","9970","7b18467fc974da6f06e76fa09adfa5829ddf7efe5df18bd2f200eeca5970d21d"
"forcewipe_v4/code/forcewipe_v4/streaming.py","44492","248e0d3a1601b27b1c2286f009bd2e3d6691dce0bfe1282fbfceda1730ec5e22"
"forcewipe_v4/code/forcewipe_v4/study_c_screen.py","4191","80ad3dbdc3a456fc6633e0a99d7874628866747085872bd4622fc62e419eaab2"
"forcewipe_v4/code/forcewipe_v4/training_evidence.py","10867","396a897bf6b80717c53b245cae7cbab0f2f2a236992b29c1164783f4edd6eb8a"
"forcewipe_v4/code/forcewipe_v4/training_protocol.py","9490","584be4173bf853a2608255beadc9754bb744198ad800c16e422569c8576914fe"
"forcewipe_v4/code/forcewipe_v4/training_run_storage.py","16551","1300259651c0befe6264d3d621ee523df9a5e0eaa53bec123435a1da4f241c13"
"forcewipe_v4/code/forcewipe_v4/visual_encoder.py","5845","e06ed0226d48693573ff43bd2198061ba8935960a911a348edf7cf59816244aa"
"forcewipe_v4/code/forcewipe_v4/visual_stream_tables.py","5440","7d92430128ee7ad750dbbf8a9d81c6da7a828e0aa327842131185464980a157b"
"forcewipe_v6/code/forcewipe_v6/__init__.py","1187","ef9261a15cf5e95b3623a565df1202f8186c077b6703e3323a56d6d569180208"
"forcewipe_v6/code/forcewipe_v6/absolute_geometry_target_pose.py","5139","6002eb39338329a02e29298867e0513fa72c9d922ee952a50da62a8658a49cb3"
"forcewipe_v6/code/forcewipe_v6/acquisition_predictive_brake.py","6305","522f2582f25a6b030a305d2608f52f82c15c44ae2801c5a02e9465b38826ce6f"
"forcewipe_v6/code/forcewipe_v6/along_track_path_servo.py","2239","799a481abca7e298e6bd611fd0a1d7e4bea7151b6675b073adca443b78d89f33"
"forcewipe_v6/code/forcewipe_v6/authority_metrics_precision_r5.py","2691","95163dcc55d74747d356dc2830398c679009e15e323533c1c9348547e793dd75"
"forcewipe_v6/code/forcewipe_v6/authority_metrics_s3.py","5381","f8f897d7233c1b98b5ce91fb0bf4fed59e5366bea9bfb44e243f34afd4ffc4cf"
"forcewipe_v6/code/forcewipe_v6/authority_metrics_s5.py","3372","7313a3dc84758c5f6d4ef82c69289bcb07c00cf78bbe771c7959a4c691b4c05a"
"forcewipe_v6/code/forcewipe_v6/authority_metrics_system_r4_postrun_v6.py","3624","67a3c6495de1a1f88874f9a9cdd783d81d897ab790663efc4470a85519778247"
"forcewipe_v6/code/forcewipe_v6/authority_metrics_system_r4.py","6939","65af037a17311c06a2ca8b9b1ba9ba72b416fc333680639f08310cc555043e6e"
"forcewipe_v6/code/forcewipe_v6/authorization_system_r3.py","6472","8404ae591151a5295708dccd8a5f6e24729e68ca14a532d4f0e8c7fee95cc390"
"forcewipe_v6/code/forcewipe_v6/authorization_system_r4.py","2119","e6beb0a660477290db0f7cce7213ef86c735ce7ad29028538d706c2e7418bb6c"
"forcewipe_v6/code/forcewipe_v6/causal_adapter_precision_r5.py","3769","40aebff211c734b74dd9cbb71a68721c14bb5003958c76698ab2093696caa50c"
"forcewipe_v6/code/forcewipe_v6/causal_adapter.py","76988","4f5d04630c71bfe5ec2062bddf2b921f4a072c60568d8c0d896814fef59164be"
"forcewipe_v6/code/forcewipe_v6/contact_risk_mppi_v2.py","6978","a982078369c7da3397c7ad1bff5b0dd06a47522324d81ebd430fdc750a11a965"
"forcewipe_v6/code/forcewipe_v6/contact_risk_mppi_v3.py","2120","1079f234a3eee389e78412f5ac7904bb9907da89e2b26899885ba4634fb1bf64"
"forcewipe_v6/code/forcewipe_v6/contact_risk_mppi_v4.py","3243","4751756807b64985c6b0011f123bcf166fe936045c697e054de1f47a5be1a89f"
"forcewipe_v6/code/forcewipe_v6/contact_risk_mppi_v5.py","3238","b4378cabead16e7c8d3a3447707607f707ae44424de104a4d072b590826d41f3"
"forcewipe_v6/code/forcewipe_v6/contact_risk_mppi.py","8324","c751e34ce4ff1d33d0712c9a4fd1e46c75d7ebe5024185cd4183f5654086df48"
"forcewipe_v6/code/forcewipe_v6/contact_sequence_risk_world_model.py","4240","4f4cbd1c79b764e56481f2ecb01e93a001113d1c6e4693376d64adbc2abe0118"
"forcewipe_v6/code/forcewipe_v6/contact_sequence_world_model.py","9513","65c81f89135f902f82713f9a32ed41b3f7c3bed2de2aae2a71b1ca765b920a72"
"forcewipe_v6/code/forcewipe_v6/controller_precision_r2.py","2183","61c2a412b3643313cb68d901def6b7e35c3ffde29dba33015efb575d1a521ae0"
"forcewipe_v6/code/forcewipe_v6/controller_precision_r3.py","1489","090c63816b2bdb59e82ed510e8c7d5f39a37c466d53130089492f98e0b6af672"
"forcewipe_v6/code/forcewipe_v6/controller_precision_r4.py","5912","9657f1092dd74c722a97902f030ad83196ffe870b788ea133b7a99b0acb70004"
"forcewipe_v6/code/forcewipe_v6/controller_precision_r5.py","4816","8c59de42d675be19e603798bd82347b28812e28f9e14ea9e3ee7ff089c2c632e"
"forcewipe_v6/code/forcewipe_v6/controller_precision_r6.py","11509","4672ac9be15f8958935f3101c564a60d32a7361f346c166495d28d5ce08cd35b"
"forcewipe_v6/code/forcewipe_v6/controller_precision_r7.py","2610","a9bf568e61c36f1a5111b986c8a9f07a20dd3362261dc4c260582847b03938cc"
"forcewipe_v6/code/forcewipe_v6/controller_precision.py","8461","9570a40a4d90c196d952ac433808549829c1084146832a1cd2a588869dd82e8a"
"forcewipe_v6/code/forcewipe_v6/controller_s3.py","21658","bad39cb667fa63be55ab7ebdb65c518963026d7703e623c02e6d88d78b7e3213"
"forcewipe_v6/code/forcewipe_v6/controller_s4.py","6595","3505c0db88a33e7213811bf65377046cf25bbbcd30820eb845d9f50920fd12b2"
"forcewipe_v6/code/forcewipe_v6/controller_s5.py","6693","57f8815d814c45ee94ac55699988cc5a7d7d3dd2a90a1704633f0000366f713c"
"forcewipe_v6/code/forcewipe_v6/controller_system_r2.py","6423","c6d0b7ebf236e1070657e0f114e420dced5c9c83950d51d04a5ffba1a39e809a"
"forcewipe_v6/code/forcewipe_v6/controller_system_r3_rev2.py","3952","78706569f9a8136433fdbbd5efed323c37957c98b12580b6e5e4a1a51e01d7ba"
"forcewipe_v6/code/forcewipe_v6/controller_system_r3.py","9251","d294fc5b7857e3b3a2e39632ce85c5f59d13c2f8ff599cf87f240393bcf38a49"
"forcewipe_v6/code/forcewipe_v6/controller_system_r4.py","22115","32c4fc4941765e74157b1f66167c4c6310f08c0513efe688896af08916c8d9ee"
"forcewipe_v6/code/forcewipe_v6/controller_system.py","8520","3734bed1cb34b2b36800e9dda2c3d378c47cc1fc35e132ac16010e5d47124611"
"forcewipe_v6/code/forcewipe_v6/controller.py","48194","22779e5df305a1be2f5a54a499088c88a56033afe5c9134430a366fa2a01d433"
"forcewipe_v6/code/forcewipe_v6/cross_track_target_compensation.py","1229","2f3dd86baa0d91ee55d1a95ea9f5b050e3b55ff49f808b8d61a47b147d3391f6"
"forcewipe_v6/code/forcewipe_v6/direct_branch_oracle.py","13369","6a7d7aeb65326aa9d7609672153afb96d623789b8eb1ae8f2ff23f608671d57b"
"forcewipe_v6/code/forcewipe_v6/event_balanced_excitation.py","5011","5bca30995e3374211ad046eb0adb97b3012dbada46de4cf710122f9ed80519c9"
"forcewipe_v6/code/forcewipe_v6/fault_injection.py","1451","345eb734a6dfb93f2a0a471c941b849384d3de6e879f1d4edccab0ee1b221cd8"
"forcewipe_v6/code/forcewipe_v6/filtered_tracking_force.py","2457","0f5a65fa4632a5011fcdda12b44599e0a4d7c24dd215a595c19d735974faf199"
"forcewipe_v6/code/forcewipe_v6/force_drop_inward_hold.py","1273","9fe8965b5789b63a0cc797e24eb1d3ff0a94891ad2853fbe61c973ac6a2fa6f5"
"forcewipe_v6/code/forcewipe_v6/geometry_target_pose_r2.py","2846","7eacbe781ccbf63cdfa63bd73133a15106ead82620371bcc225382f61f746555"
"forcewipe_v6/code/forcewipe_v6/geometry_target_pose_r3.py","3097","9daa20f82230f5bc6eb29b6fc685245dac3fe14551ce641caa33827f9fc2d584"
"forcewipe_v6/code/forcewipe_v6/geometry_target_pose.py","11212","a086c8f5606c2bcda4874bd3edbb1ee50c1d3402535c091519d49dccdbdb3c1a"
"forcewipe_v6/code/forcewipe_v6/global_transient_guard.py","7533","81bd5e2f6181bab1844c7a76b64e659c23284362b1dc0498b2c0bbc020d6b228"
"forcewipe_v6/code/forcewipe_v6/hybrid_force_first_controller.py","8971","372aea73bf5164a0a43539e1f41aedc576c39c12a843052b17bd8872da539aa5"
"forcewipe_v6/code/forcewipe_v6/hybrid_scheduled_p_controller.py","6686","0940ddef4cff54e1f8a61d957dc370955cd02564a6426d51d7f2d2cd1e7205c8"
"forcewipe_v6/code/forcewipe_v6/precision_tracking.py","13119","68c91829bd7ecbf5c9fe6e1d4fd87df266603207b9199e244fa681f0d09690a5"
"forcewipe_v6/code/forcewipe_v6/queued_inward_demand_guard.py","2991","1a3b113db9d4ba572e31206844676599230e239522c3dda3b9efa9627006d3c7"
"forcewipe_v6/code/forcewipe_v6/rate_scaled_target_pose_force.py","5279","faf2a15aa4d38f6431e33aa61444c3f71a3c19fbfacd77b8fa0fa8f013227d38"
"forcewipe_v6/code/forcewipe_v6/replay.py","5370","80d4ca6548060de98545c0de809fdc0d1a4d58470445b18a2d52a69663e83126"
"forcewipe_v6/code/forcewipe_v6/sandbox_runner_precision_r2.py","1868","0f8438a8333c81d0ba68e979c4d23210b74728992a40ba24da25500773846aa5"
"forcewipe_v6/code/forcewipe_v6/sandbox_runner_precision_r3.py","1868","968a698a39676913a4596c24c55cbcc08853f8a342bb952cf3065d5d4b35500e"
"forcewipe_v6/code/forcewipe_v6/sandbox_runner_precision_r4.py","1868","9e7fc47e626f148d0b37ee656b1729762755b70c502077c4d16809bda8168b2b"
"forcewipe_v6/code/forcewipe_v6/sandbox_runner_precision_r5.py","1876","576c591915694ffd70e8deb3aff809c1c87220c1412dbdf3c66edc619695574d"
"forcewipe_v6/code/forcewipe_v6/sandbox_runner_precision_r6.py","1876","52207c2afc5460b16761f5eb09ca8aa5b4fa9b73d48b9447664cf01662fab49e"
"forcewipe_v6/code/forcewipe_v6/sandbox_runner_precision_r7.py","1876","9fe013f09a45c6ee191d2ad48b97a0e0db70e6411d3acf932d547072fe4ab353"
"forcewipe_v6/code/forcewipe_v6/sandbox_runner_precision.py","4763","cd4f0062a061013f0e2a962aefbfd7bf90e4cde34640975c33aaa8603cbcf9de"
"forcewipe_v6/code/forcewipe_v6/sandbox_runner_s4.py","2936","248661cd2dd36ad7a2b1a7ec2159d9c7d2e6fb6ef241f6552e45da0ed22042f7"
"forcewipe_v6/code/forcewipe_v6/sandbox_runner_s5_rev2.py","3050","40c9ec28ed02cc756351079ff2d56a785945f519df9e7a7adc708b56b29d463d"
"forcewipe_v6/code/forcewipe_v6/sandbox_runner_s5.py","3209","c17f7f42bda9eddb02deb76da78f806de2ca5138a4b62a41052d11dc2dcf63e3"
"forcewipe_v6/code/forcewipe_v6/sandbox_runner_system_r2.py","3182","727b4225690f2cf0fb67299074e34dcc0dc128bf4b7f3288bda092ac60e70d06"
"forcewipe_v6/code/forcewipe_v6/sandbox_runner_system_r3.py","8470","af5ef8a7520dd8374e54a99b7f622d9b6b250902d1e59b087b3e9cbf9fab65b9"
"forcewipe_v6/code/forcewipe_v6/sandbox_runner_system_r4.py","6192","b7fbb925390022ba188a52307b3d3bb1f2c3eb1391f91a65e43711b7b1666bd6"
"forcewipe_v6/code/forcewipe_v6/sandbox_runner.py","66569","205ad9c96baf7bfd905a33b156058b0af58eb165ec4a76118faba5bba51cc6e8"
"forcewipe_v6/code/forcewipe_v6/sandbox_storage.py","139617","571031701b561ec3cef02818ba4cecd6cae3f0a807ac6b12efb7a21e9b561780"
"forcewipe_v6/code/forcewipe_v6/sapien_sandbox_binding_precision_r2.py","1351","fafb3221df4b15a3d87a600d086e62ab9954abea03367d527ea3af376e1683d2"
"forcewipe_v6/code/forcewipe_v6/sapien_sandbox_binding_precision_r3.py","1355","1111198738b8225ae1e412db9e82166b90afa04ea284aa4e247dfe90233d404a"
"forcewipe_v6/code/forcewipe_v6/sapien_sandbox_binding_precision_r4.py","1355","6c060f7a15ec923c746fa1b2428a35ce1a62307dbfe99e6d680a685e5732e469"
"forcewipe_v6/code/forcewipe_v6/sapien_sandbox_binding_precision_r5.py","5312","85b64f6e8bc2cf055626e5ff40c380761bda280e19d420a621bdc1f3faf84e90"
"forcewipe_v6/code/forcewipe_v6/sapien_sandbox_binding_precision_r6.py","5112","195770519d1cad42d5fb39885124c3be82878ff72e9a61390b7b5c9c31b1fbd6"
"forcewipe_v6/code/forcewipe_v6/sapien_sandbox_binding_precision_r7.py","5072","5722f1d170ea55a7bd499124122388c4e64b9d241b5bc8b012719ea11bc363c1"
"forcewipe_v6/code/forcewipe_v6/sapien_sandbox_binding_precision.py","1382","2a9202e7a6a4812efe900558013d2a6bb99cfc8a04fe8dcb6354a9c3d8e2c22b"
"forcewipe_v6/code/forcewipe_v6/sapien_sandbox_binding_s5.py","3663","a60e20b67867ba3fd67bc7cc2552b257d08c427ede5895c71784c1da26f08ee9"
"forcewipe_v6/code/forcewipe_v6/sapien_sandbox_binding_system_r3.py","2030","c5358ab7955b8c80112b916a2cef283e97937e108a2d6269127f2859a34082d0"
"forcewipe_v6/code/forcewipe_v6/sapien_sandbox_binding_system_r4.py","2960","e9d8ac0bf029afade520b9eaf157a33f78b67c65098c6284e92896d5cf65cbce"
"forcewipe_v6/code/forcewipe_v6/sapien_sandbox_binding.py","82998","fd3154bfd7edd6bba30750609ac0f518511740367de840dc26f4c369341fbab9"
"forcewipe_v6/code/forcewipe_v6/target_pose_lead_bound.py","1602","230009ffdc7e0edd5c9975da16103070804a07c9422ee44d0d53aae9fc93f619"
"forcewipe_v6/code/forcewipe_v6/target_rebase_guard.py","5826","d8ef729aa406b28df78830fa6089220286a62b0d664cf0cb403ef3496b0aa31e"
"forcewipe_v6/code/forcewipe_v6/tdmpc2_boundary_risk.py","10203","490e7167c33964fa6f9dbff6b38e5e657301e8c74052f785bc0f449eabdb2cf6"
"forcewipe_v6/code/forcewipe_v6/tdmpc2_dagger.py","3775","fc6540f168ec345e29372be6c997fa49455b70103035907eb932a56b8bc400f5"
"forcewipe_v6/code/forcewipe_v6/tdmpc2_direct_firstpass.py","12574","88e224b747ea9d514cc930343214b2b3afa5739b455bd222b5190cb4df148bf3"
"forcewipe_v6/code/forcewipe_v6/tdmpc2_direct_history.py","2452","3f810ab405573461b4d807ec6c9d78c42a2acccefe6499ce1c8e69e516fd207e"
"forcewipe_v6/code/forcewipe_v6/tdmpc2_direct_sapien_env.py","13904","d63b4ca376d66d5cdd8fe4908d8e6f4151c261b9a81990a1d2961b252d85a3d1"
"forcewipe_v6/code/forcewipe_v6/tdmpc2_direct_stage_a_env.py","4813","13975e441c7a48adb07069a708b2da01fd79e392c305fb52c33b354075328f98"
"forcewipe_v6/code/forcewipe_v6/tdmpc2_sequence_distillation.py","2041","995e32ef689ece95c9474e28d1831f156281fd1b32103f744ae985e6774a306a"
"forcewipe_v6/code/forcewipe_v6/tdmpc2_stage_a_recovery.py","3528","ccf19f91893a9e18d9cb17f06867de7fdcdbd6bca5fcebbc9c6992d2824176d5"
"forcewipe_v6/code/forcewipe_v6/transactional_absolute_geometry_controller.py","9894","f1882e2dd889c0bc282d1009846ff2c540dcead5fb6707a6135fa7fb9db046d2"
"forcewipe_v6/code/forcewipe_v6/transactional_normal_admittance.py","6293","5d5801cb4d87a7853509f4275e36e7286e2f7054b0925872465ccb7df9bcbfc3"
"LICENSE","1068","71bd84eddf4e7929fd231de060602068c868050a664b33429ceb1ffd3e436ff1"
"MODEL_MANIFEST.csv","825","3f275869c8dddf6e37fdbcb6d9658dbb3afb5eaf59cce9a8f497a783e5e67ca2"
"PORTABILITY_PATCHES.md","896","f477c8ae865ac3aee774bb053609bf8226b07774f89b37d845acbf675a513c69"
"README.md","3555","e9c438d6073eb09944eaa0fd8335edc2d97193a6c6c4c60c4ad40771b436ce9b"
"REPRODUCIBILITY.md","3714","a36c76c061a207306a289cafd51e2bcfabda2fd78d276b54bc977beb8438256d"
"requirements-lock.txt","447","e95929c21d4537aa63ca7bed6ca6ead8c67422cf491600cf2a532f2a863aeca1"
"restore_artifact.py","5026","9898831ff6f7a20d51bec913f6ecf71b9923cc0b8358dcaabea7c236b11d47e7"
"THIRD_PARTY_NOTICES.md","1908","c4663b5ad73e978d6e1407718dbdd31552ee11a8ffaa3441134ee09a23be4a58"
