block_id,condition_id,metric,stress_minus_nominal,ci95_low,ci95_high,status
B0,delay_1sample,compound_pass,0.06666666666666667,0.0,0.2,paired_seed_cluster_bootstrap_pointwise
B0,delay_1sample,task_success,0.0,0.0,0.0,paired_seed_cluster_bootstrap_pointwise
B0,delay_1sample,tracking_pass,0.06666666666666667,0.0,0.2,paired_seed_cluster_bootstrap_pointwise
B0,delay_1sample,safety_pass,0.0,0.0,0.0,paired_seed_cluster_bootstrap_pointwise
B0,delay_1sample,mre,-0.009307677596301966,-0.018064002773957234,-0.0019332377725214081,paired_seed_cluster_bootstrap_pointwise
B0,delay_1sample,nrmse,-0.007607613851670375,-0.013859569394516585,-0.0009712219117946295,paired_seed_cluster_bootstrap_pointwise
B0,delay_1sample,contact_fraction,0.000732917502376651,-0.0023921655762641084,0.0038580005810174107,paired_seed_cluster_bootstrap_pointwise
B0,delay_1sample,peak_force_n,0.6083314259847006,0.24155667622884117,0.9751061757405599,paired_seed_cluster_bootstrap_pointwise
B0,delay_1sample,violation_episode,0.0,0.0,0.0,paired_seed_cluster_bootstrap_pointwise
B0,delay_1sample,episode_length_samples,9.133333333333333,0.06666666666666643,18.2,paired_seed_cluster_bootstrap_pointwise
B0,delay_2samples,compound_pass,0.0,0.0,0.0,paired_seed_cluster_bootstrap_pointwise
B0,delay_2samples,task_success,-0.2,-0.3333333333333333,-0.06666666666666667,paired_seed_cluster_bootstrap_pointwise
B0,delay_2samples,tracking_pass,0.0,0.0,0.0,paired_seed_cluster_bootstrap_pointwise
B0,delay_2samples,safety_pass,-0.2,-0.3333333333333333,-0.06666666666666667,paired_seed_cluster_bootstrap_pointwise
B0,delay_2samples,mre,0.040672975908896104,0.00685678800911164,0.0735616373948196,paired_seed_cluster_bootstrap_pointwise
B0,delay_2samples,nrmse,0.05510622633545925,0.011326812619640317,0.09705186271782407,paired_seed_cluster_bootstrap_pointwise
B0,delay_2samples,contact_fraction,-0.1281698950733447,-0.2157145016495484,-0.04062528849714104,paired_seed_cluster_bootstrap_pointwise
B0,delay_2samples,peak_force_n,1.196912701924642,0.5008841514587402,1.8023697535196939,paired_seed_cluster_bootstrap_pointwise
B0,delay_2samples,violation_episode,0.2,0.06666666666666667,0.3333333333333333,paired_seed_cluster_bootstrap_pointwise
B0,delay_2samples,episode_length_samples,-139.4,-237.66666666666666,-39.86666666666667,paired_seed_cluster_bootstrap_pointwise
B0,delay_5samples,compound_pass,0.0,-0.2,0.2,paired_seed_cluster_bootstrap_pointwise
B0,delay_5samples,task_success,-0.26666666666666666,-0.3333333333333333,-0.13333333333333333,paired_seed_cluster_bootstrap_pointwise
B0,delay_5samples,tracking_pass,0.0,-0.2,0.2,paired_seed_cluster_bootstrap_pointwise
B0,delay_5samples,safety_pass,-0.26666666666666666,-0.3333333333333333,-0.13333333333333333,paired_seed_cluster_bootstrap_pointwise
B0,delay_5samples,mre,0.0534517068694179,0.006539343873347388,0.09350424834106034,paired_seed_cluster_bootstrap_pointwise
B0,delay_5samples,nrmse,0.08630521828434234,0.030538432307357484,0.11995993742464202,paired_seed_cluster_bootstrap_pointwise
B0,delay_5samples,contact_fraction,-0.17362472959824984,-0.21882730149130497,-0.08480384130252261,paired_seed_cluster_bootstrap_pointwise
B0,delay_5samples,peak_force_n,2.140254243214925,1.5911769231160482,2.7305112838745123,paired_seed_cluster_bootstrap_pointwise
B0,delay_5samples,violation_episode,0.26666666666666666,0.13333333333333333,0.3333333333333333,paired_seed_cluster_bootstrap_pointwise
B0,delay_5samples,episode_length_samples,-187.4,-239.8,-91.26666666666665,paired_seed_cluster_bootstrap_pointwise
B0,force_bias_m0p4n,compound_pass,0.2,0.06666666666666667,0.3333333333333333,paired_seed_cluster_bootstrap_pointwise
B0,force_bias_m0p4n,task_success,0.0,0.0,0.0,paired_seed_cluster_bootstrap_pointwise
B0,force_bias_m0p4n,tracking_pass,0.2,0.06666666666666667,0.3333333333333333,paired_seed_cluster_bootstrap_pointwise
B0,force_bias_m0p4n,safety_pass,0.0,0.0,0.0,paired_seed_cluster_bootstrap_pointwise
B0,force_bias_m0p4n,mre,-0.027752729495347496,-0.04511028890930269,-0.00534349604753945,paired_seed_cluster_bootstrap_pointwise
B0,force_bias_m0p4n,nrmse,-0.015818085702125194,-0.026272289991697832,-0.003296500759594828,paired_seed_cluster_bootstrap_pointwise
B0,force_bias_m0p4n,contact_fraction,0.0009626072404263313,-0.0007662502932879157,0.002759786360922948,paired_seed_cluster_bootstrap_pointwise
B0,force_bias_m0p4n,peak_force_n,0.5796918233235677,0.4307665506998698,0.7627806345621744,paired_seed_cluster_bootstrap_pointwise
B0,force_bias_m0p4n,violation_episode,0.0,0.0,0.0,paired_seed_cluster_bootstrap_pointwise
B0,force_bias_m0p4n,episode_length_samples,3.5333333333333337,-3.8716666666666617,10.866666666666667,paired_seed_cluster_bootstrap_pointwise
B0,force_bias_m0p8n,compound_pass,0.2,0.06666666666666667,0.3333333333333333,paired_seed_cluster_bootstrap_pointwise
B0,force_bias_m0p8n,task_success,0.0,0.0,0.0,paired_seed_cluster_bootstrap_pointwise
B0,force_bias_m0p8n,tracking_pass,0.2,0.06666666666666667,0.3333333333333333,paired_seed_cluster_bootstrap_pointwise
B0,force_bias_m0p8n,safety_pass,0.0,0.0,0.0,paired_seed_cluster_bootstrap_pointwise
B0,force_bias_m0p8n,mre,-0.01737776805754207,-0.043665221435974275,0.012646100134053118,paired_seed_cluster_bootstrap_pointwise
B0,force_bias_m0p8n,nrmse,-0.0029442667952072443,-0.023394507668191032,0.0183164547373441,paired_seed_cluster_bootstrap_pointwise
B0,force_bias_m0p8n,contact_fraction,0.0018248378758352502,0.0001288353687916318,0.003975192814443059,paired_seed_cluster_bootstrap_pointwise
B0,force_bias_m0p8n,peak_force_n,1.1955301602681478,1.0274066925048828,1.3703043619791668,paired_seed_cluster_bootstrap_pointwise
B0,force_bias_m0p8n,violation_episode,0.0,0.0,0.0,paired_seed_cluster_bootstrap_pointwise
B0,force_bias_m0p8n,episode_length_samples,6.133333333333334,-0.6666666666666667,14.933333333333332,paired_seed_cluster_bootstrap_pointwise
B0,force_bias_p0p4n,compound_pass,-0.06666666666666667,-0.2,0.0,paired_seed_cluster_bootstrap_pointwise
B0,force_bias_p0p4n,task_success,0.0,0.0,0.0,paired_seed_cluster_bootstrap_pointwise
B0,force_bias_p0p4n,tracking_pass,-0.06666666666666667,-0.2,0.0,paired_seed_cluster_bootstrap_pointwise
B0,force_bias_p0p4n,safety_pass,0.0,0.0,0.0,paired_seed_cluster_bootstrap_pointwise
B0,force_bias_p0p4n,mre,0.045294881270108604,0.0435483015655186,0.0464456998674044,paired_seed_cluster_bootstrap_pointwise
B0,force_bias_p0p4n,nrmse,0.034546911923086135,0.03088667513707962,0.03839979210691531,paired_seed_cluster_bootstrap_pointwise
B0,force_bias_p0p4n,contact_fraction,-0.0029728817903192923,-0.005143162828664745,-0.0014321278060980787,paired_seed_cluster_bootstrap_pointwise
B0,force_bias_p0p4n,peak_force_n,-0.387157917022705,-0.5081969579060872,-0.2661188761393229,paired_seed_cluster_bootstrap_pointwise
B0,force_bias_p0p4n,violation_episode,0.0,0.0,0.0,paired_seed_cluster_bootstrap_pointwise
B0,force_bias_p0p4n,episode_length_samples,-3.6666666666666665,-8.0,1.6666666666666667,paired_seed_cluster_bootstrap_pointwise
B0,force_bias_p0p8n,compound_pass,-0.5333333333333333,-0.6666666666666666,-0.39999999999999997,paired_seed_cluster_bootstrap_pointwise
B0,force_bias_p0p8n,task_success,0.0,0.0,0.0,paired_seed_cluster_bootstrap_pointwise
B0,force_bias_p0p8n,tracking_pass,-0.5333333333333333,-0.6666666666666666,-0.39999999999999997,paired_seed_cluster_bootstrap_pointwise
B0,force_bias_p0p8n,safety_pass,0.0,0.0,0.0,paired_seed_cluster_bootstrap_pointwise
B0,force_bias_p0p8n,mre,0.09412250173227694,0.0893947036928064,0.10015666612547798,paired_seed_cluster_bootstrap_pointwise
B0,force_bias_p0p8n,nrmse,0.07805296900388156,0.0741593166714614,0.08246147395678917,paired_seed_cluster_bootstrap_pointwise
B0,force_bias_p0p8n,contact_fraction,-0.005199371044112463,-0.007873629230622277,-0.003183518692748577,paired_seed_cluster_bootstrap_pointwise
B0,force_bias_p0p8n,peak_force_n,-0.8044137001037598,-0.976780891418457,-0.6846627871195475,paired_seed_cluster_bootstrap_pointwise
B0,force_bias_p0p8n,violation_episode,0.0,0.0,0.0,paired_seed_cluster_bootstrap_pointwise
B0,force_bias_p0p8n,episode_length_samples,-10.466666666666665,-17.066666666666666,-1.9983333333333575,paired_seed_cluster_bootstrap_pointwise
B0,force_noise_rms_0p035n,compound_pass,0.06666666666666667,0.0,0.2,paired_seed_cluster_bootstrap_pointwise
B0,force_noise_rms_0p035n,task_success,0.0,0.0,0.0,paired_seed_cluster_bootstrap_pointwise
B0,force_noise_rms_0p035n,tracking_pass,0.06666666666666667,0.0,0.2,paired_seed_cluster_bootstrap_pointwise
B0,force_noise_rms_0p035n,safety_pass,0.0,0.0,0.0,paired_seed_cluster_bootstrap_pointwise
B0,force_noise_rms_0p035n,mre,-0.0020766116966171025,-0.009497520932932676,0.0054197059327395665,paired_seed_cluster_bootstrap_pointwise
B0,force_noise_rms_0p035n,nrmse,-0.0018071429442601664,-0.006826554519614894,0.0029830656634723465,paired_seed_cluster_bootstrap_pointwise
B0,force_noise_rms_0p035n,contact_fraction,-0.0014734506932330138,-0.0029222324738639397,5.0112353569435134e-05,paired_seed_cluster_bootstrap_pointwise
B0,force_noise_rms_0p035n,peak_force_n,0.08996922175089518,-0.034103552500406906,0.22573229471842451,paired_seed_cluster_bootstrap_pointwise
B0,force_noise_rms_0p035n,violation_episode,0.0,0.0,0.0,paired_seed_cluster_bootstrap_pointwise
B0,force_noise_rms_0p035n,episode_length_samples,-1.266666666666667,-7.733333333333334,5.133333333333334,paired_seed_cluster_bootstrap_pointwise
B0,normal_error_1deg,compound_pass,0.06666666666666667,0.0,0.2,paired_seed_cluster_bootstrap_pointwise
B0,normal_error_1deg,task_success,0.0,0.0,0.0,paired_seed_cluster_bootstrap_pointwise
B0,normal_error_1deg,tracking_pass,0.06666666666666667,0.0,0.2,paired_seed_cluster_bootstrap_pointwise
B0,normal_error_1deg,safety_pass,0.0,0.0,0.0,paired_seed_cluster_bootstrap_pointwise
B0,normal_error_1deg,mre,-0.004374236407881092,-0.026802955457757783,0.018054482641995596,paired_seed_cluster_bootstrap_pointwise
B0,normal_error_1deg,nrmse,-0.00035311821685211767,-0.014341512229826303,0.013635275796122068,paired_seed_cluster_bootstrap_pointwise
B0,normal_error_1deg,contact_fraction,-0.0017720587642134095,-0.00421390072837613,0.0004139443547715338,paired_seed_cluster_bootstrap_pointwise
B0,normal_error_1deg,peak_force_n,0.165379269917806,-0.22938121159871422,0.5553456942240398,paired_seed_cluster_bootstrap_pointwise
B0,normal_error_1deg,violation_episode,0.0,0.0,0.0,paired_seed_cluster_bootstrap_pointwise
B0,normal_error_1deg,episode_length_samples,2.3333333333333335,-6.7333333333333325,14.666666666666668,paired_seed_cluster_bootstrap_pointwise
B0,normal_error_3deg,compound_pass,0.06666666666666667,-0.13333333333333336,0.26666666666666666,paired_seed_cluster_bootstrap_pointwise
B0,normal_error_3deg,task_success,0.0,0.0,0.0,paired_seed_cluster_bootstrap_pointwise
B0,normal_error_3deg,tracking_pass,0.06666666666666667,-0.13333333333333336,0.26666666666666666,paired_seed_cluster_bootstrap_pointwise
B0,normal_error_3deg,safety_pass,0.0,0.0,0.0,paired_seed_cluster_bootstrap_pointwise
B0,normal_error_3deg,mre,0.0014081706398170399,-0.05436440331602941,0.05718074459566349,paired_seed_cluster_bootstrap_pointwise
B0,normal_error_3deg,nrmse,0.012399968585852423,-0.023477368253873317,0.04689693483529293,paired_seed_cluster_bootstrap_pointwise
B0,normal_error_3deg,contact_fraction,-0.0007954549857019783,-0.00620560480961078,0.004614694838206823,paired_seed_cluster_bootstrap_pointwise
B0,normal_error_3deg,peak_force_n,0.4496048927307129,-0.21808780034383135,1.0819718043009439,paired_seed_cluster_bootstrap_pointwise
B0,normal_error_3deg,violation_episode,0.0,0.0,0.0,paired_seed_cluster_bootstrap_pointwise
B0,normal_error_3deg,episode_length_samples,1.466666666666668,-18.53333333333333,21.46666666666667,paired_seed_cluster_bootstrap_pointwise
B0,normal_error_5deg,compound_pass,-0.13333333333333333,-0.5333333333333333,0.26666666666666666,paired_seed_cluster_bootstrap_pointwise
B0,normal_error_5deg,task_success,-0.26666666666666666,-0.6666666666666666,0.0,paired_seed_cluster_bootstrap_pointwise
B0,normal_error_5deg,tracking_pass,-0.13333333333333333,-0.5333333333333333,0.26666666666666666,paired_seed_cluster_bootstrap_pointwise
B0,normal_error_5deg,safety_pass,-0.06666666666666667,-0.2,0.0,paired_seed_cluster_bootstrap_pointwise
B0,normal_error_5deg,mre,0.049940159408229615,-0.03380884356663734,0.1351224671895443,paired_seed_cluster_bootstrap_pointwise
B0,normal_error_5deg,nrmse,0.06845640711639034,0.004188154833973577,0.1427842708922949,paired_seed_cluster_bootstrap_pointwise
B0,normal_error_5deg,contact_fraction,-0.06252484020909709,-0.1794021887133331,0.007426407903990724,paired_seed_cluster_bootstrap_pointwise
B0,normal_error_5deg,peak_force_n,0.927107016245524,0.030059432983398436,1.6169940948486328,paired_seed_cluster_bootstrap_pointwise
B0,normal_error_5deg,violation_episode,0.06666666666666667,0.0,0.2,paired_seed_cluster_bootstrap_pointwise
B0,normal_error_5deg,episode_length_samples,40.0,13.4,64.86666666666666,paired_seed_cluster_bootstrap_pointwise
B0,tcp_pose_error_0p05mm,compound_pass,0.06666666666666667,0.0,0.2,paired_seed_cluster_bootstrap_pointwise
B0,tcp_pose_error_0p05mm,task_success,0.0,0.0,0.0,paired_seed_cluster_bootstrap_pointwise
B0,tcp_pose_error_0p05mm,tracking_pass,0.06666666666666667,0.0,0.2,paired_seed_cluster_bootstrap_pointwise
B0,tcp_pose_error_0p05mm,safety_pass,0.0,0.0,0.0,paired_seed_cluster_bootstrap_pointwise
B0,tcp_pose_error_0p05mm,mre,-0.002480631730706091,-0.010928333680475844,0.003129402741766326,paired_seed_cluster_bootstrap_pointwise
B0,tcp_pose_error_0p05mm,nrmse,-0.0005302708455019017,-0.005856128578568678,0.003155789337208694,paired_seed_cluster_bootstrap_pointwise
B0,tcp_pose_error_0p05mm,contact_fraction,-0.0019349229895966919,-0.005226009901769794,0.0006603211082416423,paired_seed_cluster_bootstrap_pointwise
B0,tcp_pose_error_0p05mm,peak_force_n,-0.03642749786376953,-0.19259824752807614,0.16710669199625652,paired_seed_cluster_bootstrap_pointwise
B0,tcp_pose_error_0p05mm,violation_episode,0.0,0.0,0.0,paired_seed_cluster_bootstrap_pointwise
B0,tcp_pose_error_0p05mm,episode_length_samples,2.6645352591003756e-16,-8.733333333333333,7.133333333333335,paired_seed_cluster_bootstrap_pointwise
B0,tcp_pose_error_0p1mm,compound_pass,0.0,0.0,0.0,paired_seed_cluster_bootstrap_pointwise
B0,tcp_pose_error_0p1mm,task_success,0.0,0.0,0.0,paired_seed_cluster_bootstrap_pointwise
B0,tcp_pose_error_0p1mm,tracking_pass,0.0,0.0,0.0,paired_seed_cluster_bootstrap_pointwise
B0,tcp_pose_error_0p1mm,safety_pass,0.0,0.0,0.0,paired_seed_cluster_bootstrap_pointwise
B0,tcp_pose_error_0p1mm,mre,0.0010964020640988486,-0.004628414536565293,0.006434818426899401,paired_seed_cluster_bootstrap_pointwise
B0,tcp_pose_error_0p1mm,nrmse,0.00038204074440968856,-0.0030615935610642494,0.003772319643083595,paired_seed_cluster_bootstrap_pointwise
B0,tcp_pose_error_0p1mm,contact_fraction,2.858486543767895e-05,-0.0009401158535916239,0.0009827580020743095,paired_seed_cluster_bootstrap_pointwise
B0,tcp_pose_error_0p1mm,peak_force_n,-0.032591183980305985,-0.1093606948852539,0.046424134572346995,paired_seed_cluster_bootstrap_pointwise
B0,tcp_pose_error_0p1mm,violation_episode,0.0,0.0,0.0,paired_seed_cluster_bootstrap_pointwise
B0,tcp_pose_error_0p1mm,episode_length_samples,0.8,-3.3333333333333335,3.5333333333333328,paired_seed_cluster_bootstrap_pointwise
S1,delay_5samples,compound_pass,0.3333333333333333,0.13333333333333333,0.5333333333333333,paired_seed_cluster_bootstrap_pointwise
S1,delay_5samples,task_success,-0.06666666666666667,-0.2,0.0,paired_seed_cluster_bootstrap_pointwise
S1,delay_5samples,tracking_pass,0.3333333333333333,0.13333333333333333,0.5333333333333333,paired_seed_cluster_bootstrap_pointwise
S1,delay_5samples,safety_pass,-0.06666666666666667,-0.2,0.0,paired_seed_cluster_bootstrap_pointwise
S1,delay_5samples,mre,-0.021659645924562636,-0.03474947924025316,-0.010333828515249182,paired_seed_cluster_bootstrap_pointwise
S1,delay_5samples,nrmse,-0.004176152723664338,-0.02365503477604654,0.027492588069594624,paired_seed_cluster_bootstrap_pointwise
S1,delay_5samples,contact_fraction,-0.039491126347787786,-0.11957058751119223,0.001040708150920122,paired_seed_cluster_bootstrap_pointwise
S1,delay_5samples,peak_force_n,1.2076587359110513,0.9062808354695638,1.5620855331420898,paired_seed_cluster_bootstrap_pointwise
S1,delay_5samples,violation_episode,0.06666666666666667,0.0,0.2,paired_seed_cluster_bootstrap_pointwise
S1,delay_5samples,episode_length_samples,-42.733333333333334,-123.60000000000002,-1.9333333333333336,paired_seed_cluster_bootstrap_pointwise
S1,force_bias_m0p8n,compound_pass,0.39999999999999997,0.3333333333333333,0.5333333333333333,paired_seed_cluster_bootstrap_pointwise
S1,force_bias_m0p8n,task_success,0.0,0.0,0.0,paired_seed_cluster_bootstrap_pointwise
S1,force_bias_m0p8n,tracking_pass,0.39999999999999997,0.3333333333333333,0.5333333333333333,paired_seed_cluster_bootstrap_pointwise
S1,force_bias_m0p8n,safety_pass,0.0,0.0,0.0,paired_seed_cluster_bootstrap_pointwise
S1,force_bias_m0p8n,mre,-0.07361047638312404,-0.09275542939541835,-0.049444420302679384,paired_seed_cluster_bootstrap_pointwise
S1,force_bias_m0p8n,nrmse,-0.06326176376720624,-0.07595062431362584,-0.04976847109496636,paired_seed_cluster_bootstrap_pointwise
S1,force_bias_m0p8n,contact_fraction,0.002098847512128869,0.0012629327212302364,0.0030801914938049847,paired_seed_cluster_bootstrap_pointwise
S1,force_bias_m0p8n,peak_force_n,0.5598270098368328,0.46112785339355467,0.696442953745524,paired_seed_cluster_bootstrap_pointwise
S1,force_bias_m0p8n,violation_episode,0.0,0.0,0.0,paired_seed_cluster_bootstrap_pointwise
S1,force_bias_m0p8n,episode_length_samples,6.733333333333334,3.5333333333333337,10.266666666666667,paired_seed_cluster_bootstrap_pointwise
S1,force_bias_p0p8n,compound_pass,-0.4666666666666666,-0.6,-0.3333333333333333,paired_seed_cluster_bootstrap_pointwise
S1,force_bias_p0p8n,task_success,-0.06666666666666667,-0.2,0.0,paired_seed_cluster_bootstrap_pointwise
S1,force_bias_p0p8n,tracking_pass,-0.4666666666666666,-0.6,-0.3333333333333333,paired_seed_cluster_bootstrap_pointwise
S1,force_bias_p0p8n,safety_pass,0.0,0.0,0.0,paired_seed_cluster_bootstrap_pointwise
S1,force_bias_p0p8n,mre,0.10059275306719347,0.09829401424702136,0.10341074173294063,paired_seed_cluster_bootstrap_pointwise
S1,force_bias_p0p8n,nrmse,0.09137849622518994,0.08123778025044737,0.09775923741450632,paired_seed_cluster_bootstrap_pointwise
S1,force_bias_p0p8n,contact_fraction,-0.02429596162103175,-0.06851758266233046,-0.0019882657336862007,paired_seed_cluster_bootstrap_pointwise
S1,force_bias_p0p8n,peak_force_n,-0.6375479380289714,-0.8324473063151041,-0.3847919623057048,paired_seed_cluster_bootstrap_pointwise
S1,force_bias_p0p8n,violation_episode,0.0,0.0,0.0,paired_seed_cluster_bootstrap_pointwise
S1,force_bias_p0p8n,episode_length_samples,17.466666666666665,-8.4,66.86666666666667,paired_seed_cluster_bootstrap_pointwise
S1,force_noise_rms_0p035n,compound_pass,-0.06666666666666667,-0.2,0.0,paired_seed_cluster_bootstrap_pointwise
S1,force_noise_rms_0p035n,task_success,0.0,0.0,0.0,paired_seed_cluster_bootstrap_pointwise
S1,force_noise_rms_0p035n,tracking_pass,-0.06666666666666667,-0.2,0.0,paired_seed_cluster_bootstrap_pointwise
S1,force_noise_rms_0p035n,safety_pass,0.0,0.0,0.0,paired_seed_cluster_bootstrap_pointwise
S1,force_noise_rms_0p035n,mre,0.011231707183200117,0.005352934104351032,0.019629171957882698,paired_seed_cluster_bootstrap_pointwise
S1,force_noise_rms_0p035n,nrmse,0.003022371622814163,-0.005161170954823792,0.0077916203475533645,paired_seed_cluster_bootstrap_pointwise
S1,force_noise_rms_0p035n,contact_fraction,0.0006045832409734257,0.00021162538639006484,0.0011261869747538325,paired_seed_cluster_bootstrap_pointwise
S1,force_noise_rms_0p035n,peak_force_n,-0.20507761637369795,-0.5302961031595866,0.02906672159830729,paired_seed_cluster_bootstrap_pointwise
S1,force_noise_rms_0p035n,violation_episode,0.0,0.0,0.0,paired_seed_cluster_bootstrap_pointwise
S1,force_noise_rms_0p035n,episode_length_samples,3.1333333333333337,1.0,5.2666666666666675,paired_seed_cluster_bootstrap_pointwise
S1,normal_error_5deg,compound_pass,0.06666666666666668,-0.39999999999999997,0.4666666666666666,paired_seed_cluster_bootstrap_pointwise
S1,normal_error_5deg,task_success,-0.2,-0.6,0.0,paired_seed_cluster_bootstrap_pointwise
S1,normal_error_5deg,tracking_pass,0.06666666666666668,-0.39999999999999997,0.4666666666666666,paired_seed_cluster_bootstrap_pointwise
S1,normal_error_5deg,safety_pass,0.0,0.0,0.0,paired_seed_cluster_bootstrap_pointwise
S1,normal_error_5deg,mre,-0.026403022713946855,-0.0983413773322027,0.045535331904309015,paired_seed_cluster_bootstrap_pointwise
S1,normal_error_5deg,nrmse,-0.0024074526590348614,-0.06770573652764861,0.0654271489217905,paired_seed_cluster_bootstrap_pointwise
S1,normal_error_5deg,contact_fraction,-0.03371014802579718,-0.1077574132063385,0.00908224175482455,paired_seed_cluster_bootstrap_pointwise
S1,normal_error_5deg,peak_force_n,0.4010645230611166,-0.07462692260742185,0.8767559687296549,paired_seed_cluster_bootstrap_pointwise
S1,normal_error_5deg,violation_episode,0.0,0.0,0.0,paired_seed_cluster_bootstrap_pointwise
S1,normal_error_5deg,episode_length_samples,85.0,-2.0666666666666664,220.60000000000005,paired_seed_cluster_bootstrap_pointwise
S1,tcp_pose_error_0p1mm,compound_pass,0.0,0.0,0.0,paired_seed_cluster_bootstrap_pointwise
S1,tcp_pose_error_0p1mm,task_success,0.0,0.0,0.0,paired_seed_cluster_bootstrap_pointwise
S1,tcp_pose_error_0p1mm,tracking_pass,0.0,0.0,0.0,paired_seed_cluster_bootstrap_pointwise
S1,tcp_pose_error_0p1mm,safety_pass,0.0,0.0,0.0,paired_seed_cluster_bootstrap_pointwise
S1,tcp_pose_error_0p1mm,mre,0.008793250871761728,0.0002993967034563134,0.019395668754379862,paired_seed_cluster_bootstrap_pointwise
S1,tcp_pose_error_0p1mm,nrmse,-0.00014618918573377492,-0.007426939529011012,0.005753400025096833,paired_seed_cluster_bootstrap_pointwise
S1,tcp_pose_error_0p1mm,contact_fraction,0.00030260743571808307,-0.0004015903572399893,0.0013551501212952124,paired_seed_cluster_bootstrap_pointwise
S1,tcp_pose_error_0p1mm,peak_force_n,-0.32495686213175456,-0.6503542900085448,-0.009445158640543617,paired_seed_cluster_bootstrap_pointwise
S1,tcp_pose_error_0p1mm,violation_episode,0.0,0.0,0.0,paired_seed_cluster_bootstrap_pointwise
S1,tcp_pose_error_0p1mm,episode_length_samples,-0.8666666666666666,-2.1999999999999997,0.6,paired_seed_cluster_bootstrap_pointwise
S2,delay_5samples,compound_pass,-0.06666666666666667,-0.2,0.0,paired_seed_cluster_bootstrap_pointwise
S2,delay_5samples,task_success,-0.2,-0.3333333333333333,-0.06666666666666667,paired_seed_cluster_bootstrap_pointwise
S2,delay_5samples,tracking_pass,-0.06666666666666667,-0.2,0.0,paired_seed_cluster_bootstrap_pointwise
S2,delay_5samples,safety_pass,-0.2,-0.3333333333333333,-0.06666666666666667,paired_seed_cluster_bootstrap_pointwise
S2,delay_5samples,mre,-0.0005662092987610032,-0.01898472890134584,0.017550725277010626,paired_seed_cluster_bootstrap_pointwise
S2,delay_5samples,nrmse,0.013441173800337977,-0.01597334380268007,0.04182534200610701,paired_seed_cluster_bootstrap_pointwise
S2,delay_5samples,contact_fraction,-0.09341135895758694,-0.15736287214499345,-0.02945984577018046,paired_seed_cluster_bootstrap_pointwise
S2,delay_5samples,peak_force_n,1.217766284942627,-0.46117000579833983,2.9581595102945966,paired_seed_cluster_bootstrap_pointwise
S2,delay_5samples,violation_episode,0.2,0.06666666666666667,0.3333333333333333,paired_seed_cluster_bootstrap_pointwise
S2,delay_5samples,episode_length_samples,-125.26666666666665,-220.2,-30.333333333333332,paired_seed_cluster_bootstrap_pointwise
S2,force_bias_m0p8n,compound_pass,-0.13333333333333333,-0.26666666666666666,0.0,paired_seed_cluster_bootstrap_pointwise
S2,force_bias_m0p8n,task_success,-0.13333333333333333,-0.26666666666666666,0.0,paired_seed_cluster_bootstrap_pointwise
S2,force_bias_m0p8n,tracking_pass,-0.13333333333333333,-0.26666666666666666,0.0,paired_seed_cluster_bootstrap_pointwise
S2,force_bias_m0p8n,safety_pass,-0.2,-0.3333333333333333,-0.06666666666666667,paired_seed_cluster_bootstrap_pointwise
S2,force_bias_m0p8n,mre,0.048483973169170455,0.0192579964011141,0.07770994993722682,paired_seed_cluster_bootstrap_pointwise
S2,force_bias_m0p8n,nrmse,0.05714057063753364,0.02667146080611928,0.087609680468948,paired_seed_cluster_bootstrap_pointwise
S2,force_bias_m0p8n,contact_fraction,-0.08694175855813654,-0.15351889001979915,-0.020364627096473967,paired_seed_cluster_bootstrap_pointwise
S2,force_bias_m0p8n,peak_force_n,1.764915943145752,0.41295455296834316,2.985981241861979,paired_seed_cluster_bootstrap_pointwise
S2,force_bias_m0p8n,violation_episode,0.2,0.06666666666666667,0.3333333333333333,paired_seed_cluster_bootstrap_pointwise
S2,force_bias_m0p8n,episode_length_samples,-124.4,-226.6,-22.200000000000003,paired_seed_cluster_bootstrap_pointwise
S2,force_bias_p0p8n,compound_pass,0.2,0.06666666666666667,0.3333333333333333,paired_seed_cluster_bootstrap_pointwise
S2,force_bias_p0p8n,task_success,0.06666666666666667,0.0,0.2,paired_seed_cluster_bootstrap_pointwise
S2,force_bias_p0p8n,tracking_pass,0.2,0.06666666666666667,0.3333333333333333,paired_seed_cluster_bootstrap_pointwise
S2,force_bias_p0p8n,safety_pass,0.0,0.0,0.0,paired_seed_cluster_bootstrap_pointwise
S2,force_bias_p0p8n,mre,-0.008775166687076678,-0.038474687489685244,0.02531823252531229,paired_seed_cluster_bootstrap_pointwise
S2,force_bias_p0p8n,nrmse,-0.013920948447838404,-0.03594780400310188,0.01049095503640194,paired_seed_cluster_bootstrap_pointwise
S2,force_bias_p0p8n,contact_fraction,0.00976614081368985,-0.008416263842806377,0.04372768817355198,paired_seed_cluster_bootstrap_pointwise
S2,force_bias_p0p8n,peak_force_n,-0.8759215037027996,-1.259801737467448,-0.5568677584330242,paired_seed_cluster_bootstrap_pointwise
S2,force_bias_p0p8n,violation_episode,0.0,0.0,0.0,paired_seed_cluster_bootstrap_pointwise
S2,force_bias_p0p8n,episode_length_samples,1.3999999999999995,-21.533333333333335,36.6,paired_seed_cluster_bootstrap_pointwise
S2,force_noise_rms_0p035n,compound_pass,0.06666666666666667,0.0,0.2,paired_seed_cluster_bootstrap_pointwise
S2,force_noise_rms_0p035n,task_success,-0.06666666666666667,-0.2,0.0,paired_seed_cluster_bootstrap_pointwise
S2,force_noise_rms_0p035n,tracking_pass,0.06666666666666667,0.0,0.2,paired_seed_cluster_bootstrap_pointwise
S2,force_noise_rms_0p035n,safety_pass,-0.13333333333333333,-0.26666666666666666,0.0,paired_seed_cluster_bootstrap_pointwise
S2,force_noise_rms_0p035n,mre,-0.007992383038839757,-0.037642108645793856,0.022270821821265673,paired_seed_cluster_bootstrap_pointwise
S2,force_noise_rms_0p035n,nrmse,-0.0022360225084270117,-0.026225706961256885,0.025387021981606157,paired_seed_cluster_bootstrap_pointwise
S2,force_noise_rms_0p035n,contact_fraction,-0.038799729489812904,-0.0979555476436547,0.004252132433606522,paired_seed_cluster_bootstrap_pointwise
S2,force_noise_rms_0p035n,peak_force_n,0.596558157602946,-0.06776905059814452,1.2608853658040364,paired_seed_cluster_bootstrap_pointwise
S2,force_noise_rms_0p035n,violation_episode,0.13333333333333333,0.0,0.26666666666666666,paired_seed_cluster_bootstrap_pointwise
S2,force_noise_rms_0p035n,episode_length_samples,-71.33333333333333,-181.93333333333334,7.266666666666666,paired_seed_cluster_bootstrap_pointwise
S2,normal_error_5deg,compound_pass,-0.06666666666666667,-0.2,0.0,paired_seed_cluster_bootstrap_pointwise
S2,normal_error_5deg,task_success,-0.3333333333333333,-0.5333333333333333,-0.13333333333333333,paired_seed_cluster_bootstrap_pointwise
S2,normal_error_5deg,tracking_pass,0.06666666666666667,0.0,0.2,paired_seed_cluster_bootstrap_pointwise
S2,normal_error_5deg,safety_pass,-0.06666666666666667,-0.3333333333333333,0.2,paired_seed_cluster_bootstrap_pointwise
S2,normal_error_5deg,mre,0.006446252085061201,-0.03821187377097725,0.04464091553043518,paired_seed_cluster_bootstrap_pointwise
S2,normal_error_5deg,nrmse,0.01083638102035427,-0.050255637454475165,0.06342776034752905,paired_seed_cluster_bootstrap_pointwise
S2,normal_error_5deg,contact_fraction,-0.026431214335378084,-0.11192241347497074,0.06648733192284809,paired_seed_cluster_bootstrap_pointwise
S2,normal_error_5deg,peak_force_n,0.3214362780253092,-1.464291604359945,1.9397011439005531,paired_seed_cluster_bootstrap_pointwise
S2,normal_error_5deg,violation_episode,0.06666666666666667,-0.2,0.3333333333333333,paired_seed_cluster_bootstrap_pointwise
S2,normal_error_5deg,episode_length_samples,74.06666666666666,-195.2,368.3333333333333,paired_seed_cluster_bootstrap_pointwise
S2,tcp_pose_error_0p1mm,compound_pass,0.06666666666666667,0.0,0.2,paired_seed_cluster_bootstrap_pointwise
S2,tcp_pose_error_0p1mm,task_success,0.13333333333333333,0.0,0.26666666666666666,paired_seed_cluster_bootstrap_pointwise
S2,tcp_pose_error_0p1mm,tracking_pass,0.06666666666666667,0.0,0.2,paired_seed_cluster_bootstrap_pointwise
S2,tcp_pose_error_0p1mm,safety_pass,0.06666666666666667,-0.13333333333333333,0.26666666666666666,paired_seed_cluster_bootstrap_pointwise
S2,tcp_pose_error_0p1mm,mre,-0.01161543195076763,-0.03267604859674126,0.009655978673012565,paired_seed_cluster_bootstrap_pointwise
S2,tcp_pose_error_0p1mm,nrmse,-0.011829486159343644,-0.037947906897585246,0.01428893457889796,paired_seed_cluster_bootstrap_pointwise
S2,tcp_pose_error_0p1mm,contact_fraction,0.037741374206876024,-0.05513698908788691,0.13339756094860405,paired_seed_cluster_bootstrap_pointwise
S2,tcp_pose_error_0p1mm,peak_force_n,-0.4805611928304037,-1.5374612808227541,0.5368754704793294,paired_seed_cluster_bootstrap_pointwise
S2,tcp_pose_error_0p1mm,violation_episode,-0.06666666666666667,-0.26666666666666666,0.13333333333333333,paired_seed_cluster_bootstrap_pointwise
S2,tcp_pose_error_0p1mm,episode_length_samples,42.66666666666667,-107.4,187.13333333333335,paired_seed_cluster_bootstrap_pointwise
