training_seed,block_id,target_force_n,fixed_joint_pass,full_joint_pass,difference_joint_pass,fixed_task_success,full_task_success,difference_task_success,fixed_tracking_pass,full_tracking_pass,difference_tracking_pass,fixed_mean_relative_error,full_mean_relative_error,difference_mean_relative_error,fixed_target_normalized_rmse,full_target_normalized_rmse,difference_target_normalized_rmse,fixed_absolute_signed_bias,full_absolute_signed_bias,difference_absolute_signed_bias,fixed_peak_force_n,full_peak_force_n,difference_peak_force_n,fixed_median_planning_ms,full_median_planning_ms,difference_median_planning_ms,fixed_mean_planning_samples,full_mean_planning_samples,difference_mean_planning_samples
201,B0,5.0,1.0,1.0,0.0,1.0,1.0,0.0,1.0,1.0,0.0,0.057345823395636764,0.03890963046063156,-0.018436192935005202,0.06416215048840117,0.052075379041136585,-0.012086771447264583,0.057345823395636764,0.03890963046063156,-0.018436192935005202,4.875093936920166,5.075050354003906,0.19995641708374023,99.3313980000039,73.98780700009411,-25.343590999909793,128.0,113.8735362997658,-14.126463700234197
201,B0,8.0,1.0,1.0,0.0,1.0,1.0,0.0,1.0,1.0,0.0,0.05646606456048742,0.05234073780221726,-0.004125326758270154,0.10475448159419369,0.10078113580236957,-0.003973345791824123,0.05646606456048742,0.05234073780221726,-0.004125326758270154,8.207768440246582,8.260082244873047,0.052313804626464844,101.50115099997947,74.98096099971008,-26.520190000269395,128.0,115.51487414187643,-12.485125858123567
201,B0,12.0,0.0,0.0,0.0,1.0,1.0,0.0,0.0,0.0,0.0,0.18755951857556274,0.17615732026498035,-0.011402198310582395,0.20442222540047303,0.19297684090511844,-0.011445384495354594,0.18755951857556274,0.17615732026498035,-0.011402198310582395,11.217916488647461,11.108500480651855,-0.10941600799560547,100.78843600001619,82.73729500024274,-18.05114099977345,128.0,130.72205736894165,2.7220573689416483
201,F1,5.0,1.0,1.0,0.0,1.0,1.0,0.0,1.0,1.0,0.0,0.03341372890658789,0.04237061063834382,0.008956881731755927,0.049392488805748126,0.05592640702586277,0.0065339182201146415,0.03341372890658789,0.04237061063834382,0.008956881731755927,5.03298807144165,4.991374969482422,-0.041613101959228516,101.38536900001327,74.47911300005217,-26.906255999961104,128.0,114.02816901408451,-13.971830985915489
201,F1,8.0,1.0,1.0,0.0,1.0,1.0,0.0,1.0,1.0,0.0,0.05318510472125626,0.04779087556035899,-0.005394229160897268,0.10663712142622854,0.10123286214870983,-0.005404259277518711,0.05318510472125626,0.04779087556035899,-0.005394229160897268,8.247882843017578,8.355499267578125,0.10761642456054688,101.74205100008749,76.32698599991272,-25.415065000174764,128.0,115.47667804323095,-12.523321956769053
201,F1,12.0,1.0,1.0,0.0,1.0,1.0,0.0,1.0,1.0,0.0,0.1480633514453348,0.10158134376744081,-0.046482007677894,0.18212539386435225,0.1558737784339004,-0.026251615430451847,0.1480633514453348,0.10158134376744081,-0.046482007677894,11.116902351379395,11.801470756530762,0.6845684051513672,100.36485699993136,76.02669000016249,-24.338166999768873,128.0,117.03964757709251,-10.96035242290749
201,F2,5.0,1.0,1.0,0.0,1.0,1.0,0.0,1.0,1.0,0.0,0.08056481714998735,0.052487257055914324,-0.02807756009407303,0.0860878452128909,0.06268177235915288,-0.02340607285373801,0.08056481714998735,0.052487257055914324,-0.02807756009407303,4.899850845336914,4.916975498199463,0.017124652862548828,102.16329699983362,73.81936149977264,-28.34393550006098,128.0,113.90654205607477,-14.09345794392523
201,F2,8.0,1.0,1.0,0.0,1.0,1.0,0.0,1.0,1.0,0.0,0.059196514742715034,0.04859675381268902,-0.010599760930026014,0.10473575551560492,0.0953554966583228,-0.009380258857282123,0.059196514742715034,0.04859675381268902,-0.010599760930026014,8.2304105758667,8.385933876037598,0.15552330017089844,101.48499999991145,75.10078099994644,-26.384218999965015,128.0,115.14155251141553,-12.858447488584474
201,F2,12.0,0.0,1.0,1.0,1.0,1.0,0.0,0.0,1.0,1.0,0.1632913047480904,0.13559401666898166,-0.027697288079108734,0.1885308731226275,0.1710798972565324,-0.01745097586609512,0.1632913047480904,0.13559401666898166,-0.027697288079108734,12.056742668151855,12.67992877960205,0.6231861114501953,100.68395600001168,78.94678499997099,-21.73717100004069,128.0,123.43762376237623,-4.562376237623766
201,K1,5.0,1.0,1.0,0.0,1.0,1.0,0.0,1.0,1.0,0.0,0.07012692582912941,0.03363730765387256,-0.03648961817525685,0.07540016543396535,0.046000110595214264,-0.02940005483875109,0.07012692582912941,0.03363730765387256,-0.03648961817525685,4.790221214294434,4.971089839935303,0.18086862564086914,101.03725700014365,73.89021099970705,-27.147046000436603,128.0,113.8360655737705,-14.163934426229503
201,K1,8.0,1.0,1.0,0.0,1.0,1.0,0.0,1.0,1.0,0.0,0.04865935838797231,0.04796465296280994,-0.0006947054251623674,0.09979651219737629,0.10023589985011665,0.0004393876527403612,0.04865935838797231,0.04796465296280994,-0.0006947054251623674,8.376733779907227,8.320364952087402,-0.05636882781982422,101.09892600007697,73.11555099931866,-27.983375000758315,128.0,115.33105802047781,-12.668941979522188
201,K1,12.0,0.0,1.0,1.0,1.0,1.0,0.0,0.0,1.0,1.0,0.19978156307943498,0.12550562093211667,-0.07427594214731831,0.21588575614973812,0.16898055216132438,-0.046905203988413746,0.19978156307943498,0.12550562093211667,-0.07427594214731831,11.058077812194824,12.711495399475098,1.6534175872802734,101.26382449993798,77.39813399984996,-23.86569050008802,128.0,120.78269824922761,-7.217301750772393
201,K2,5.0,1.0,1.0,0.0,1.0,1.0,0.0,1.0,1.0,0.0,0.04702416942965595,0.037977488554559,-0.009046680875096948,0.05708074088844266,0.04953231025906127,-0.007548430629381389,0.04702416942965595,0.037977488554559,-0.009046680875096948,4.921037673950195,5.003686428070068,0.08264875411987305,101.02546849998362,73.03728250008135,-27.98818599990227,128.0,113.86915887850468,-14.130841121495322
201,K2,8.0,1.0,1.0,0.0,1.0,1.0,0.0,1.0,1.0,0.0,0.06048100978506277,0.04831489204258321,-0.012166117742479554,0.10775908172188932,0.0968556143440351,-0.01090346737785422,0.06048100978506277,0.04831489204258321,-0.012166117742479554,8.13578987121582,8.121956825256348,-0.013833045959472656,100.93097899994063,74.3427449997398,-26.588234000200828,128.0,115.17820658342792,-12.821793416572078
201,K2,12.0,0.0,1.0,1.0,1.0,1.0,0.0,0.0,1.0,1.0,0.18175397321898887,0.12389416060583569,-0.05785981261315318,0.20210146197595039,0.16475158218618904,-0.03734987978976134,0.18175397321898887,0.12389416060583569,-0.05785981261315318,11.387141227722168,13.095376014709473,1.7082347869873047,101.15212400023665,76.42631599992455,-24.7258080003121,128.0,119.74406604747162,-8.25593395252838
201,P1,5.0,1.0,1.0,0.0,1.0,1.0,0.0,1.0,1.0,0.0,0.07036084903860988,0.03207466549843367,-0.03828618354017621,0.07755501873442988,0.04612090481233893,-0.03143411392209095,0.07036084903860988,0.03207466549843367,-0.03828618354017621,4.8554301261901855,5.038745880126953,0.18331575393676758,101.24396299994487,74.64200050003456,-26.601962499910314,128.0,113.6183908045977,-14.381609195402305
201,P1,8.0,1.0,1.0,0.0,1.0,1.0,0.0,1.0,1.0,0.0,0.06402704824683492,0.042022348041752866,-0.02200470020508205,0.10588384211491272,0.09890332753184249,-0.006980514583070238,0.06402704824683492,0.042022348041752866,-0.02200470020508205,8.120525360107422,8.480703353881836,0.36017799377441406,99.76111299988588,75.35283100014567,-24.40828199974021,128.0,115.33709131905299,-12.662908680947012
201,P1,12.0,0.0,1.0,1.0,1.0,1.0,0.0,0.0,1.0,1.0,0.18381359205991496,0.11420727186911812,-0.06960632019079684,0.20343382135330848,0.16298379748359237,-0.040450023869716106,0.18381359205991496,0.11420727186911812,-0.06960632019079684,11.813494682312012,12.892940521240234,1.0794458389282227,100.3346085000203,76.27714600016589,-24.05746249985441,128.0,118.41975308641975,-9.580246913580254
201,P2,5.0,1.0,1.0,0.0,1.0,1.0,0.0,1.0,1.0,0.0,0.07802001856189503,0.05263049980837433,-0.025389518753520697,0.083174870575326,0.05908324295309334,-0.02409162762223265,0.07802001856189503,0.05263049980837433,-0.025389518753520697,4.783526420593262,4.865712642669678,0.08218622207641602,100.73340349993032,73.73130599989963,-27.002097500030686,128.0,112.95787139689578,-15.042128603104217
201,P2,8.0,1.0,1.0,0.0,1.0,1.0,0.0,1.0,1.0,0.0,0.05891392162145925,0.04462246754235022,-0.014291454079109034,0.09996990977177758,0.09721210835187123,-0.00275780141990635,0.05891392162145925,0.04462246754235022,-0.014291454079109034,8.186491012573242,8.467302322387695,0.2808113098144531,100.66471300001467,75.03519900001265,-25.62951400000202,128.0,114.79089924160347,-13.20910075839653
201,P2,12.0,0.0,1.0,1.0,1.0,1.0,0.0,0.0,1.0,1.0,0.16081067599478618,0.13473859021175816,-0.026072085783028026,0.18530992688771764,0.1694609751190446,-0.015848951768673042,0.16081067599478618,0.13473859021175816,-0.026072085783028026,11.755754470825195,12.174965858459473,0.41921138763427734,101.12640299985287,76.91031650006153,-24.216086499791345,128.0,122.24615384615385,-5.753846153846155
201,S1,5.0,0.0,0.0,0.0,1.0,1.0,0.0,0.0,0.0,0.0,0.2362151719458092,0.17198632861292645,-0.06422884333288276,0.23895261515658678,0.1752630378576398,-0.06368957729894698,0.2362151719458092,0.17198632861292645,-0.06422884333288276,4.450558185577393,4.736361026763916,0.28580284118652344,101.43584600001532,83.42021800012844,-18.015627999886874,128.0,130.67924528301887,2.679245283018872
201,S1,8.0,1.0,1.0,0.0,1.0,1.0,0.0,1.0,1.0,0.0,0.13672362814573757,0.12519381711819422,-0.011529811027543357,0.15108985260373525,0.14193376273295116,-0.00915608987078409,0.13672362814573757,0.12519381711819422,-0.011529811027543357,7.256906986236572,7.452706336975098,0.1957993507385254,102.17541249997453,76.31310600027064,-25.86230649970389,128.0,116.32280701754387,-11.677192982456134
201,S1,12.0,0.0,0.0,0.0,1.0,1.0,0.0,0.0,0.0,0.0,0.23161621888478598,0.17285655606410608,-0.0587596628206799,0.24487446991669023,0.19442772606369577,-0.05044674385299447,0.23161621888478598,0.17285655606410608,-0.0587596628206799,9.935564041137695,10.785690307617188,0.8501262664794922,100.23494100005337,81.36147949994665,-18.873461500106714,128.0,125.35746606334841,-2.6425339366515885
201,S2,5.0,1.0,0.0,-1.0,1.0,1.0,0.0,1.0,0.0,-1.0,0.08127938377490747,0.14592933715806372,0.06464995338315625,0.15318836821087053,0.20228696446775563,0.04909859625688509,0.08127938377490747,0.14592933715806372,0.06464995338315625,6.938523292541504,6.985391139984131,0.04686784744262695,100.67580099996576,75.00587100003031,-25.669929999935448,128.0,117.64115432873275,-10.358845671267247
201,S2,8.0,1.0,1.0,0.0,1.0,1.0,0.0,1.0,1.0,0.0,0.04849381690041277,0.040443351539243166,-0.008050465361169601,0.12466490467537827,0.1253352426117857,0.0006703379364074169,0.04849381690041277,0.040443351539243166,-0.008050465361169601,10.111080169677734,10.612637519836426,0.5015573501586914,101.11753149999458,75.92420899982244,-25.193322500172144,128.0,120.60071513706794,-7.399284862932063
201,S2,12.0,0.0,0.0,0.0,1.0,1.0,0.0,0.0,0.0,0.0,0.29796806335643283,0.26979752267566787,-0.028170540680764966,0.31362188655480844,0.2913865046337494,-0.02223538192105906,0.29796806335643283,0.26979752267566787,-0.028170540680764966,12.168028831481934,13.158024787902832,0.9899959564208984,101.65360550001878,84.45688200004042,-17.19672349997836,128.0,143.7925925925926,15.792592592592598
202,B0,5.0,1.0,1.0,0.0,1.0,1.0,0.0,1.0,1.0,0.0,0.10995959773896224,0.11064750037110435,0.0006879026321421067,0.11270033323120983,0.11743708482391249,0.004736751592702662,0.10995959773896224,0.11064750037110435,0.0006879026321421067,4.622183322906494,5.00738525390625,0.38520193099975586,100.09910900043906,76.98089499990601,-23.118214000533044,128.0,115.88385598141696,-12.116144018583043
202,B0,8.0,1.0,1.0,0.0,1.0,1.0,0.0,1.0,1.0,0.0,0.10377385300314956,0.07853915618576168,-0.02523469681738788,0.13336287597273713,0.11479544584553016,-0.018567430127206977,0.10377385300314956,0.07853915618576168,-0.02523469681738788,7.779207229614258,8.182034492492676,0.40282726287841797,100.80795500016393,76.79610200011666,-24.011853000047267,128.0,116.38009049773756,-11.619909502262445
202,B0,12.0,0.0,0.0,0.0,1.0,1.0,0.0,0.0,0.0,0.0,0.19681520121438156,0.202727969656021,0.005912768441639432,0.2113808864925787,0.21702795764693159,0.005647071154352895,0.19681520121438156,0.202727969656021,0.005912768441639432,11.273262977600098,10.740835189819336,-0.5324277877807617,100.12268400032553,85.7080744999621,-14.41460950036344,128.0,135.26666666666668,7.26666666666668
202,F1,5.0,1.0,1.0,0.0,1.0,1.0,0.0,1.0,1.0,0.0,0.08261214841288123,0.10574385818046857,0.02313170976758734,0.08695058504820967,0.11002640165041158,0.023075816602201912,0.08261214841288123,0.10574385818046857,0.02313170976758734,4.855987548828125,4.732277870178223,-0.12370967864990234,100.734573000409,75.38043400018068,-25.354139000228315,128.0,113.72822299651568,-14.271777003484317
202,F1,8.0,1.0,1.0,0.0,1.0,1.0,0.0,1.0,1.0,0.0,0.10009839661442177,0.07027613986898829,-0.029822256745433484,0.13023408836358127,0.11269177440219422,-0.017542313961387057,0.10009839661442177,0.07027613986898829,-0.029822256745433484,7.7849650382995605,8.440643310546875,0.6556782722473145,100.43304300052114,75.59427199885249,-24.838771001668647,128.0,115.66480446927375,-12.335195530726253
202,F1,12.0,0.0,1.0,1.0,1.0,1.0,0.0,0.0,1.0,1.0,0.16129048348287656,0.1372467907141989,-0.024043692768677655,0.18406722763089156,0.17059936458380806,-0.0134678630470835,0.16129048348287656,0.1372467907141989,-0.024043692768677655,10.839666366577148,11.212525367736816,0.37285900115966797,101.32025100028841,79.62775200030592,-21.69249899998249,128.0,118.4315443592552,-9.568455640744801
202,F2,5.0,1.0,1.0,0.0,1.0,1.0,0.0,1.0,1.0,0.0,0.10184820485529364,0.1045443578132069,0.002696152957913256,0.11096840636703613,0.1141032344702992,0.003134828103263071,0.10184820485529364,0.1045443578132069,0.002696152957913256,5.033520221710205,5.019474029541016,-0.014046192169189453,99.72334099984437,78.66784950056172,-21.055491499282653,128.0,117.5668202764977,-10.433179723502306
202,F2,8.0,1.0,1.0,0.0,1.0,1.0,0.0,1.0,1.0,0.0,0.10285275354635959,0.08034975734312488,-0.022502996203234704,0.12923874104917227,0.11329335462060201,-0.015945386428570255,0.10285275354635959,0.08034975734312488,-0.022502996203234704,7.948446273803711,8.053802490234375,0.10535621643066406,101.08758600017609,78.31501950022357,-22.772566499952518,128.0,115.81123595505618,-12.188764044943824
202,F2,12.0,0.0,0.0,0.0,1.0,1.0,0.0,0.0,0.0,0.0,0.1904485211407502,0.17580519376698542,-0.01464332737376478,0.21084458982219897,0.19824498600441953,-0.012599603817779442,0.1904485211407502,0.17580519376698542,-0.01464332737376478,12.120271682739258,12.041735649108887,-0.0785360336303711,99.76391200052603,81.60970350036223,-18.154208500163804,128.0,129.46058091286307,1.4605809128630654
202,K1,5.0,1.0,1.0,0.0,1.0,1.0,0.0,1.0,1.0,0.0,0.13015636566512753,0.08234719363810701,-0.04780917202702052,0.13345445923872218,0.08940908945801881,-0.044045369780703364,0.13015636566512753,0.08234719363810701,-0.04780917202702052,4.7091474533081055,4.881139755249023,0.17199230194091797,99.80415000063658,74.68403150051017,-25.12011850012641,128.0,113.37354988399072,-14.62645011600928
202,K1,8.0,1.0,1.0,0.0,1.0,1.0,0.0,1.0,1.0,0.0,0.09565148654804434,0.09433183980826576,-0.0013196467397785794,0.1272148380439947,0.12402919572658443,-0.003185642317410267,0.09565148654804434,0.09433183980826576,-0.0013196467397785794,8.032377243041992,7.9538702964782715,-0.0785069465637207,101.65132999918569,78.38290200015763,-23.268427999028063,128.0,116.87429218573047,-11.125707814269532
202,K1,12.0,0.0,0.0,0.0,1.0,1.0,0.0,0.0,0.0,0.0,0.19657159053908005,0.2142403442271316,0.01766875368805154,0.2135642472067212,0.227022599246514,0.013458352039792787,0.19657159053908005,0.2142403442271316,0.01766875368805154,11.094832420349121,11.223458290100098,0.12862586975097656,102.03316800016182,86.63039699968067,-15.402771000481152,128.0,135.9425641025641,7.942564102564091
202,K2,5.0,1.0,1.0,0.0,1.0,1.0,0.0,1.0,1.0,0.0,0.11164805790734675,0.08127273844921686,-0.030375319458129893,0.11707365396024935,0.08844525674076723,-0.028628397219482127,0.11164805790734675,0.08127273844921686,-0.030375319458129893,4.784862518310547,4.952163219451904,0.16730070114135742,100.09041449984579,75.90501500089886,-24.185399498946936,128.0,113.24217844727694,-14.757821552723058
202,K2,8.0,1.0,1.0,0.0,1.0,1.0,0.0,1.0,1.0,0.0,0.09655286240834848,0.08288402594288313,-0.01366883646546535,0.12781927259296724,0.11917101092386456,-0.00864826166910268,0.09655286240834848,0.08288402594288313,-0.01366883646546535,7.883814334869385,8.122011184692383,0.23819684982299805,100.43082399988634,76.5094805001354,-23.921343499750947,128.0,116.66367713004485,-11.336322869955154
202,K2,12.0,0.0,0.0,0.0,1.0,1.0,0.0,0.0,0.0,0.0,0.20761546281853102,0.20089199605996053,-0.0067234667585704955,0.22065116411600325,0.21565142254250294,-0.004999741573500305,0.20761546281853102,0.20089199605996053,-0.0067234667585704955,10.799352645874023,10.980993270874023,0.181640625,101.35729150033512,85.28131300045061,-16.075978499884513,128.0,133.98965873836607,5.989658738366074
202,P1,5.0,1.0,1.0,0.0,1.0,1.0,0.0,1.0,1.0,0.0,0.09951966241348628,0.12016202031649073,0.02064235790300445,0.10541832968691797,0.12484461000256797,0.019426280315649996,0.09951966241348628,0.12016202031649073,0.02064235790300445,4.765145301818848,4.754980087280273,-0.010165214538574219,100.9399320000739,77.03904299887654,-23.900889001197356,128.0,117.4061433447099,-10.593856655290097
202,P1,8.0,1.0,1.0,0.0,1.0,1.0,0.0,1.0,1.0,0.0,0.09914067179552521,0.08503119549056792,-0.014109476304957291,0.12921539178451893,0.11896387434970138,-0.010251517434817559,0.09914067179552521,0.08503119549056792,-0.014109476304957291,7.8696980476379395,8.106757164001465,0.2370591163635254,100.44109699992987,76.41629099998681,-24.024805999943055,128.0,116.98770949720671,-11.012290502793292
202,P1,12.0,0.0,0.0,0.0,1.0,1.0,0.0,0.0,0.0,0.0,0.18982016427036172,0.1822196468677563,-0.007600517402605422,0.2075203748843785,0.19989119355740767,-0.007629181326970824,0.18982016427036172,0.1822196468677563,-0.007600517402605422,11.350646018981934,11.329190254211426,-0.021455764770507812,100.45594899975185,83.61178599898267,-16.844163000769186,128.0,131.02258726899385,3.0225872689938456
202,P2,5.0,1.0,1.0,0.0,1.0,1.0,0.0,1.0,1.0,0.0,0.11836638436597938,0.113049880617214,-0.005316503748765383,0.12341134536607341,0.11916414859098093,-0.004247196775092485,0.11836638436597938,0.113049880617214,-0.005316503748765383,4.7739577293396,4.825387477874756,0.05142974853515625,99.8847939999905,75.4389394996906,-24.4458545002999,128.0,115.08096280087527,-12.91903719912473
202,P2,8.0,1.0,1.0,0.0,1.0,1.0,0.0,1.0,1.0,0.0,0.08900559815961961,0.07322522113888952,-0.015780377020730096,0.12243424221764407,0.11144981628939601,-0.010984425928248054,0.08900559815961961,0.07322522113888952,-0.015780377020730096,8.026844024658203,8.15698528289795,0.1301412582397461,100.7567705000838,75.66304600004514,-25.09372450003866,128.0,115.60298826040555,-12.397011739594447
202,P2,12.0,0.0,0.0,0.0,1.0,1.0,0.0,0.0,0.0,0.0,0.17701207356065765,0.1719724346780637,-0.005039638882593955,0.19990896723333793,0.1927269287393151,-0.007182038494022824,0.17701207356065765,0.1719724346780637,-0.005039638882593955,11.895374298095703,11.868932723999023,-0.026441574096679688,100.85316100048658,82.42178000091371,-18.431380999572866,128.0,127.37377690802349,-0.626223091976513
202,S1,5.0,0.0,0.0,0.0,1.0,1.0,0.0,0.0,0.0,0.0,0.21178437053335752,0.19141426392183955,-0.020370106611517974,0.21827836272334125,0.19685594937191853,-0.021422413351422726,0.21178437053335752,0.19141426392183955,-0.020370106611517974,4.543221473693848,4.595550060272217,0.05232858657836914,101.11442300012641,83.86291600072582,-17.25150699940059,128.0,131.1137162954279,3.1137162954279063
202,S1,8.0,0.0,1.0,1.0,1.0,1.0,0.0,0.0,1.0,1.0,0.17181314644368095,0.1428157205210151,-0.028997425922665854,0.1811095400071681,0.1549452962194683,-0.026164243787699826,0.17181314644368095,0.1428157205210151,-0.028997425922665854,7.0259108543396,7.193286895751953,0.16737604141235352,101.56200849996821,77.65589700011333,-23.906111499854887,128.0,116.94883720930233,-11.051162790697674
202,S1,12.0,0.0,0.0,0.0,1.0,1.0,0.0,0.0,0.0,0.0,0.19914931431967883,0.19479138094252813,-0.004357933377150708,0.22348094832238444,0.2167635221086043,-0.006717426213780131,0.19914931431967883,0.19479138094252813,-0.004357933377150708,12.26958179473877,12.30019760131836,0.030615806579589844,101.25894199973118,84.23605600000883,-17.022885999722348,128.0,130.56445993031357,2.564459930313575
202,S2,5.0,0.0,0.0,0.0,1.0,1.0,0.0,0.0,0.0,0.0,0.3252099041592393,0.2836961298324049,-0.041513774326834396,0.3755409408768435,0.31763816401641604,-0.05790277686042744,0.3252099041592393,0.2836961298324049,-0.041513774326834396,10.904875755310059,8.004762649536133,-2.900113105773926,100.14604549996875,75.79965900004026,-24.346386499928485,128.0,115.22209436133487,-12.777905638665132
202,S2,8.0,1.0,1.0,0.0,1.0,1.0,0.0,1.0,1.0,0.0,0.03631811299924448,0.034202171821152594,-0.0021159411780918846,0.11436756624260729,0.11399237899494183,-0.00037518724766545664,0.03631811299924448,0.034202171821152594,-0.0021159411780918846,12.583505630493164,13.444052696228027,0.8605470657348633,100.4039660001581,76.58903899937286,-23.814927000785246,128.0,117.64201500535906,-10.357984994640944
202,S2,12.0,0.0,0.0,0.0,1.0,1.0,0.0,0.0,0.0,0.0,0.31212106058755706,0.30127821566879237,-0.010842844918764694,0.3249847635623493,0.31590834890885205,-0.009076414653497233,0.31212106058755706,0.30127821566879237,-0.010842844918764694,12.576056480407715,11.787639617919922,-0.788416862487793,101.50250349943235,87.37136799936707,-14.131135500065284,128.0,144.48669201520912,16.486692015209115
203,B0,5.0,1.0,1.0,0.0,1.0,1.0,0.0,1.0,1.0,0.0,0.09092079691085928,0.06217997162703757,-0.028740825283821707,0.09595473682360464,0.06920647205905175,-0.026748264764552887,0.09092079691085928,0.06217997162703757,-0.028740825283821707,4.71721887588501,4.844615936279297,0.1273970603942871,103.04456350058899,73.36482199934835,-29.679741501240642,128.0,113.97752808988764,-14.022471910112358
203,B0,8.0,1.0,1.0,0.0,1.0,1.0,0.0,1.0,1.0,0.0,0.10277521493479747,0.07366966371828654,-0.029105551216510928,0.12922332862201547,0.11092671277830045,-0.018296615843715017,0.10277521493479747,0.07366966371828654,-0.029105551216510928,7.538224220275879,8.10301685333252,0.5647926330566406,104.13786500066635,74.57120699928055,-29.566658001385804,128.0,115.9815668202765,-12.018433179723502
203,B0,12.0,0.0,0.0,0.0,1.0,1.0,0.0,0.0,0.0,0.0,0.2160724509183479,0.19594355647600295,-0.020128894442344947,0.2348339326436637,0.2162295199015376,-0.018604412742126097,0.2160724509183479,0.19594355647600295,-0.020128894442344947,10.939992904663086,11.370348930358887,0.4303560256958008,103.99763949953922,82.07445399966673,-21.92318549987249,128.0,133.48846539618856,5.488465396188559
203,F1,5.0,1.0,1.0,0.0,1.0,1.0,0.0,1.0,1.0,0.0,0.05418386995886841,0.061645738060972025,0.007461868102103614,0.06870883902061702,0.06867899901903646,-2.984000158055833e-05,0.05418386995886841,0.061645738060972025,0.007461868102103614,4.926804542541504,4.870822906494141,-0.05598163604736328,100.9209154999553,74.28925549993437,-26.63166000002093,128.0,113.78181818181818,-14.218181818181819
203,F1,8.0,1.0,1.0,0.0,1.0,1.0,0.0,1.0,1.0,0.0,0.09344441495883238,0.06977261985380823,-0.02367179510502415,0.12609021218132416,0.11276012100361492,-0.013330091177709238,0.09344441495883238,0.06977261985380823,-0.02367179510502415,7.951210021972656,8.217236518859863,0.26602649688720703,101.31731250112352,74.89798200003861,-26.419330501084914,128.0,116.4475201845444,-11.552479815455598
203,F1,12.0,0.0,1.0,1.0,1.0,1.0,0.0,0.0,1.0,1.0,0.2083962537592726,0.14215071714657737,-0.06624553661269522,0.23021186410188801,0.18645878824561424,-0.043753075856273776,0.2083962537592726,0.14215071714657737,-0.06624553661269522,10.510902404785156,11.628449440002441,1.1175470352172852,101.31122500024503,79.362403000232,-21.948822000013024,128.0,121.54506437768241,-6.454935622317592
203,F2,5.0,1.0,1.0,0.0,1.0,1.0,0.0,1.0,1.0,0.0,0.08050588362010913,0.06361868418180024,-0.016887199438308895,0.08645476335777545,0.07004823133725524,-0.016406532020520212,0.08050588362010913,0.06361868418180024,-0.016887199438308895,4.924345970153809,5.075905799865723,0.15155982971191406,100.79904600024747,74.13833899954625,-26.660707000701223,128.0,113.4250281848929,-14.574971815107105
203,F2,8.0,1.0,1.0,0.0,1.0,1.0,0.0,1.0,1.0,0.0,0.07160327719970483,0.06083223592134335,-0.010771041278361482,0.11089464990228831,0.10169374651899134,-0.009200903383296974,0.07160327719970483,0.06083223592134335,-0.010771041278361482,8.08051586151123,8.424560546875,0.34404468536376953,100.48882800037973,73.41547299984086,-27.073355000538868,128.0,115.17795637198623,-12.822043628013773
203,F2,12.0,0.0,0.0,0.0,1.0,1.0,0.0,0.0,0.0,0.0,0.1955702235710309,0.17417926414045018,-0.021390959430580725,0.21732183193884705,0.20101694022952932,-0.01630489170931773,0.1955702235710309,0.17417926414045018,-0.021390959430580725,11.851787567138672,12.163880348205566,0.31209278106689453,101.96191499926499,80.12688950020674,-21.835025499058247,128.0,127.71875,-0.28125
203,K1,5.0,1.0,1.0,0.0,1.0,1.0,0.0,1.0,1.0,0.0,0.07390814340003189,0.055735545409353195,-0.018172597990678697,0.07950908896429675,0.06608497915788653,-0.01342410980641022,0.07390814340003189,0.055735545409353195,-0.018172597990678697,4.7762532234191895,4.852746486663818,0.0764932632446289,101.62494299947866,72.39425900115748,-29.230683998321183,128.0,114.03374578177728,-13.966254218222716
203,K1,8.0,1.0,1.0,0.0,1.0,1.0,0.0,1.0,1.0,0.0,0.09967054248426521,0.0658889377845866,-0.03378160469967861,0.12232248396632897,0.10688051253921922,-0.015441971427109749,0.09967054248426521,0.0658889377845866,-0.03378160469967861,7.710587978363037,8.00245189666748,0.29186391830444336,102.14036249999481,74.57213499947102,-27.56822750052379,128.0,115.73762945914845,-12.262370540851549
203,K1,12.0,0.0,0.0,0.0,1.0,1.0,0.0,0.0,0.0,0.0,0.22338198565836972,0.1858575797197243,-0.03752440593864542,0.2384014829939943,0.20937033323857937,-0.02903114975541493,0.22338198565836972,0.1858575797197243,-0.03752440593864542,10.712822914123535,11.179746627807617,0.46692371368408203,101.48382749957818,80.74474499971984,-20.73908249985834,128.0,129.6910569105691,1.6910569105691025
203,K2,5.0,1.0,1.0,0.0,1.0,1.0,0.0,1.0,1.0,0.0,0.07454970419406895,0.06179842742234935,-0.012751276771719597,0.0814106426768211,0.06878863112881499,-0.012622011548006115,0.07454970419406895,0.06179842742234935,-0.012751276771719597,4.808626651763916,4.877008438110352,0.06838178634643555,101.52154000024893,72.43928900061292,-29.082250999636017,128.0,113.71751412429379,-14.282485875706215
203,K2,8.0,1.0,1.0,0.0,1.0,1.0,0.0,1.0,1.0,0.0,0.09199215571085617,0.08103428540392688,-0.010957870306929296,0.12440086500930726,0.11722280088182273,-0.007178064127484535,0.09199215571085617,0.08103428540392688,-0.010957870306929296,8.484131813049316,8.259142875671387,-0.2249889373779297,99.790481999662,73.9434170000095,-25.847064999652503,128.0,115.72602739726027,-12.273972602739732
203,K2,12.0,0.0,0.0,0.0,1.0,1.0,0.0,0.0,0.0,0.0,0.21176217121166596,0.20715860398569733,-0.0046035672259686355,0.23005566834686897,0.22601515577457856,-0.004040512572290406,0.21176217121166596,0.20715860398569733,-0.0046035672259686355,10.692180633544922,10.967155456542969,0.2749748229980469,101.0589979996439,83.03190499918855,-18.027093000455352,128.0,135.66863905325442,7.668639053254424
203,P1,5.0,1.0,1.0,0.0,1.0,1.0,0.0,1.0,1.0,0.0,0.08996401814216917,0.05945094945036402,-0.030513068691805152,0.09411714040374243,0.0671375033375213,-0.026979637066221127,0.08996401814216917,0.05945094945036402,-0.030513068691805152,4.692626953125,4.823486804962158,0.1308598518371582,103.08505150078418,72.40255449960387,-30.68249700118031,128.0,113.53229398663697,-14.467706013363028
203,P1,8.0,1.0,1.0,0.0,1.0,1.0,0.0,1.0,1.0,0.0,0.10649519882820269,0.05799891098120613,-0.048496287846996555,0.12964615123209416,0.1038714380358214,-0.025774713196272767,0.10649519882820269,0.05799891098120613,-0.048496287846996555,7.706218242645264,8.197775840759277,0.49155759811401367,104.40445950007415,74.80671200028155,-29.597747499792604,128.0,115.41043083900227,-12.589569160997726
203,P1,12.0,0.0,0.0,0.0,1.0,1.0,0.0,0.0,0.0,0.0,0.20876761497098814,0.18490056055483498,-0.023867054416153166,0.22885432880199785,0.21062979362833503,-0.01822453517366282,0.20876761497098814,0.18490056055483498,-0.023867054416153166,11.193788528442383,11.71554946899414,0.5217609405517578,100.18703100013227,81.83841400023084,-18.348616999901424,128.0,130.03781094527363,2.037810945273634
203,P2,5.0,1.0,1.0,0.0,1.0,1.0,0.0,1.0,1.0,0.0,0.07158027465687056,0.05512687053243202,-0.01645340412443854,0.07806532760447571,0.06563479723590138,-0.012430530368574333,0.07158027465687056,0.05512687053243202,-0.01645340412443854,4.937083721160889,4.924444198608398,-0.012639522552490234,98.48859300109325,73.97398500143026,-24.514607999662985,128.0,112.8708644610459,-15.129135538954102
203,P2,8.0,1.0,1.0,0.0,1.0,1.0,0.0,1.0,1.0,0.0,0.07700765508160234,0.06294707132845512,-0.014060583753147227,0.1126540553992526,0.10639134038422515,-0.0062627150150274535,0.07700765508160234,0.06294707132845512,-0.014060583753147227,8.250334739685059,8.189311027526855,-0.061023712158203125,99.35269650031842,73.06308499937586,-26.289611500942556,128.0,115.45098039215686,-12.549019607843135
203,P2,12.0,0.0,0.0,0.0,1.0,1.0,0.0,0.0,0.0,0.0,0.19325021148230967,0.16651405391044913,-0.02673615757186054,0.2151407664496243,0.19357529816691454,-0.02156546828270975,0.19325021148230967,0.16651405391044913,-0.02673615757186054,11.36798095703125,11.63190746307373,0.26392650604248047,101.3289270003952,79.62990699888906,-21.699020001506142,128.0,125.74690770694576,-2.2530922930542374
203,S1,5.0,0.0,0.0,0.0,1.0,1.0,0.0,0.0,0.0,0.0,0.18796949812860203,0.1753517254289374,-0.012617772699664631,0.1897487643681663,0.1773103823781626,-0.012438381990003688,0.18796949812860203,0.1753517254289374,-0.012617772699664631,4.4163899421691895,4.488107204437256,0.0717172622680664,103.56426600083068,83.08776000012585,-20.47650600070483,128.0,133.228998849252,5.228998849252008
203,S1,8.0,0.0,1.0,1.0,1.0,1.0,0.0,0.0,1.0,1.0,0.15130019697888497,0.13066405694551142,-0.02063614003337355,0.16345369311601926,0.14480505213232958,-0.01864864098368968,0.15130019697888497,0.13066405694551142,-0.02063614003337355,7.149769306182861,7.410451412200928,0.2606821060180664,104.63641950082092,75.32696899943403,-29.30945050138689,128.0,116.52830188679245,-11.471698113207552
203,S1,12.0,0.0,0.0,0.0,1.0,1.0,0.0,0.0,0.0,0.0,0.2502715828521687,0.21287611250543112,-0.0373954703467376,0.26498890079977094,0.2316300264797155,-0.03335887432005544,0.2502715828521687,0.21287611250543112,-0.0373954703467376,9.96665096282959,10.24803638458252,0.2813854217529297,104.96347100161074,83.50008699926548,-21.463384002345265,128.0,137.19866814650388,9.198668146503877
203,S2,5.0,0.0,0.0,0.0,1.0,1.0,0.0,0.0,0.0,0.0,0.16742660315777247,0.216811621725353,0.04938501856758054,0.24001906836141065,0.27874853306196345,0.0387294647005528,0.16742660315777247,0.216811621725353,0.04938501856758054,7.5715484619140625,7.782273292541504,0.2107248306274414,103.35222399953636,73.8385639997432,-29.513659999793163,128.0,117.42307692307692,-10.57692307692308
203,S2,8.0,1.0,1.0,0.0,1.0,1.0,0.0,1.0,1.0,0.0,0.07652944420844732,0.06518712426572282,-0.0113423199427245,0.14857078906923826,0.14644422374479227,-0.0021265653244459948,0.07652944420844732,0.06518712426572282,-0.0113423199427245,9.706907272338867,10.337721824645996,0.6308145523071289,104.89529100050277,76.31813650004915,-28.577154500453616,128.0,123.6433734939759,-4.356626506024099
203,S2,12.0,0.0,0.0,0.0,1.0,0.0,-1.0,0.0,0.0,0.0,0.28391864126140076,0.4384047333840971,0.15448609212269632,0.3026002863013985,0.4640270684300702,0.16142678212867168,0.28391864126140076,0.4384047333840971,0.15448609212269632,14.283963203430176,17.904531478881836,3.62056827545166,105.02750599880528,82.95145500051149,-22.076050998293795,128.0,158.36363636363637,30.363636363636374
204,B0,5.0,1.0,1.0,0.0,1.0,1.0,0.0,1.0,1.0,0.0,0.014650721734808414,0.013398089968127991,-0.0012526317666804229,0.03990615938579502,0.03869654216128811,-0.0012096172245069092,0.014650721734808414,0.013398089968127991,-0.0012526317666804229,5.245500087738037,5.086740016937256,-0.15876007080078125,100.37193400057731,72.9737629990268,-27.39817100155051,128.0,113.58916478555305,-14.410835214446948
204,B0,8.0,1.0,1.0,0.0,1.0,1.0,0.0,1.0,1.0,0.0,0.01777412904050535,0.015978854885647875,-0.0017952741548574735,0.09947383982276208,0.09590428037662364,-0.0035695594461384317,0.01777412904050535,0.015978854885647875,-0.0017952741548574735,8.636606216430664,8.749218940734863,0.11261272430419922,100.45700100090471,74.42240149975987,-26.03459950114484,128.0,114.82142857142857,-13.17857142857143
204,B0,12.0,0.0,1.0,1.0,1.0,1.0,0.0,0.0,1.0,1.0,0.16541911640600349,0.09672347514846491,-0.06869564125753858,0.19025273391796851,0.14912960383492915,-0.04112313008303936,0.16541911640600349,0.09672347514846491,-0.06869564125753858,11.397551536560059,13.093436241149902,1.6958847045898438,101.49228400041466,72.95843999963836,-28.5338440007763,128.0,116.02434077079107,-11.97565922920893
204,F1,5.0,1.0,1.0,0.0,1.0,1.0,0.0,1.0,1.0,0.0,0.01453940385551995,0.016209842469629622,0.0016704386141096726,0.040156000550572765,0.04668866922290392,0.0065326686723311544,0.01453940385551995,0.016209842469629622,0.0016704386141096726,5.284316062927246,5.300054550170898,0.015738487243652344,101.20914700019057,71.30222200066783,-29.906924999522744,128.0,115.2628135223555,-12.7371864776445
204,F1,8.0,1.0,1.0,0.0,1.0,1.0,0.0,1.0,1.0,0.0,0.021459771901773617,0.009102098129175062,-0.012357673772598554,0.10388547757590558,0.1057029249063636,0.0018174473304580219,0.021459771901773617,0.009102098129175062,-0.012357673772598554,8.66254711151123,8.815332412719727,0.1527853012084961,99.81739499926334,70.23662450046686,-29.580770498796483,128.0,115.10022271714922,-12.899777282850778
204,F1,12.0,1.0,1.0,0.0,1.0,1.0,0.0,1.0,1.0,0.0,0.13226875383951509,0.08219604412830488,-0.05007270971121021,0.17223586168139374,0.1505399393805079,-0.02169592230088585,0.13226875383951509,0.08219604412830488,-0.05007270971121021,11.284406661987305,12.200003623962402,0.9155969619750977,100.39035200315993,70.68059299854212,-29.70975900461781,128.0,116.69356597600873,-11.306434023991272
204,F2,5.0,1.0,1.0,0.0,1.0,1.0,0.0,1.0,1.0,0.0,0.024270174140754365,0.01810853667500183,-0.006161637465752535,0.04315612411447179,0.04344450029584573,0.0002883761813739366,0.024270174140754365,0.01810853667500183,-0.006161637465752535,5.161319255828857,5.074130058288574,-0.0871891975402832,99.38572049941286,69.03227200018591,-30.353448499226943,128.0,114.7719298245614,-13.228070175438603
204,F2,8.0,1.0,1.0,0.0,1.0,1.0,0.0,1.0,1.0,0.0,0.016348554013353445,0.013424840840426389,-0.002923713172927056,0.09292596680635308,0.09520690830371625,0.002280941497363173,0.016348554013353445,0.013424840840426389,-0.002923713172927056,8.81889820098877,8.951773643493652,0.1328754425048828,100.7354290013609,69.47001799926511,-31.26541100209579,128.0,114.46290143964562,-13.53709856035438
204,F2,12.0,1.0,1.0,0.0,1.0,1.0,0.0,1.0,1.0,0.0,0.1457746941424484,0.10860151371471598,-0.03717318042773242,0.17939978806296142,0.15516071604251205,-0.024239072020449365,0.1457746941424484,0.10860151371471598,-0.03717318042773242,12.573016166687012,13.044554710388184,0.4715385437011719,102.35761950025335,71.86768999963533,-30.489929500618018,128.0,119.366568914956,-8.633431085043995
204,K1,5.0,1.0,1.0,0.0,1.0,1.0,0.0,1.0,1.0,0.0,0.018492740989649724,0.007913407192024557,-0.010579333797625167,0.041449658449786875,0.03663238085223834,-0.004817277597548533,0.018492740989649724,0.007913407192024557,-0.010579333797625167,5.30495548248291,5.136791706085205,-0.16816377639770508,103.08460899977945,69.09389199972793,-33.99071700005152,128.0,113.65765765765765,-14.342342342342349
204,K1,8.0,1.0,1.0,0.0,1.0,1.0,0.0,1.0,1.0,0.0,0.017195167829562874,0.009559915367379213,-0.0076352524621836615,0.09951156022924883,0.09567523290045407,-0.003836327328794756,0.017195167829562874,0.009559915367379213,-0.0076352524621836615,8.894397735595703,8.678108215332031,-0.21628952026367188,103.09665349996067,69.50866899933317,-33.5879845006275,128.0,114.72909698996655,-13.27090301003345
204,K1,12.0,0.0,1.0,1.0,1.0,1.0,0.0,0.0,1.0,1.0,0.15736748342699544,0.11065849905297354,-0.046708984374021906,0.18671519379757096,0.1536534792254369,-0.033061714572134054,0.15736748342699544,0.11065849905297354,-0.046708984374021906,11.936644554138184,13.07170581817627,1.135061264038086,101.91575700082467,69.26072100031888,-32.65503600050579,128.0,117.61206030150754,-10.38793969849246
204,K2,5.0,1.0,1.0,0.0,1.0,1.0,0.0,1.0,1.0,0.0,0.0018701593142573358,0.0024390704803936456,0.0005689111661363099,0.04083964572615055,0.03885831568473711,-0.0019813300414134385,0.0018701593142573358,0.0024390704803936456,0.0005689111661363099,5.240768909454346,5.171423435211182,-0.06934547424316406,101.56360299879452,68.74352199884015,-32.82008099995437,128.0,114.98364231188658,-13.016357688113416
204,K2,8.0,1.0,1.0,0.0,1.0,1.0,0.0,1.0,1.0,0.0,0.019312980644246358,0.0061826635572247435,-0.013130317087021615,0.09963306108409845,0.09571929882517477,-0.003913762258923675,0.019312980644246358,0.0061826635572247435,-0.013130317087021615,8.528729438781738,8.862078666687012,0.33334922790527344,103.47155850286072,68.63013149995822,-34.84142700290249,128.0,114.77951002227171,-13.220489977728292
204,K2,12.0,0.0,1.0,1.0,1.0,1.0,0.0,0.0,1.0,1.0,0.17083662918486198,0.11074927980344018,-0.060087349381421795,0.1938910182942972,0.16321236326778993,-0.030678655026507268,0.17083662918486198,0.11074927980344018,-0.060087349381421795,11.538704872131348,12.872864723205566,1.3341598510742188,103.64766549901105,70.62530500115827,-33.02236049785279,128.0,118.26506024096386,-9.734939759036138
204,P1,5.0,1.0,1.0,0.0,1.0,1.0,0.0,1.0,1.0,0.0,0.023363572205790283,0.0040510733684380185,-0.019312498837352265,0.04139230190517511,0.0463374343215123,0.004945132416337192,0.023363572205790283,0.0040510733684380185,-0.019312498837352265,5.101411819458008,5.306380748748779,0.20496892929077148,102.02879549979116,69.9601550004445,-32.06864049934666,128.0,114.66380236305048,-13.336197636949521
204,P1,8.0,1.0,1.0,0.0,1.0,1.0,0.0,1.0,1.0,0.0,0.013717765410741212,0.00936080261188399,-0.004356962798857222,0.10053173019506254,0.09437650682823413,-0.006155223366828402,0.013717765410741212,0.00936080261188399,-0.004356962798857222,8.710622787475586,9.015918731689453,0.3052959442138672,100.92865300248377,72.39887100149645,-28.529782000987325,128.0,114.33077765607887,-13.669222343921135
204,P1,12.0,1.0,1.0,0.0,1.0,1.0,0.0,1.0,1.0,0.0,0.14563783583581547,0.08984041623426704,-0.05579741960154842,0.1747814604683369,0.1516272731228302,-0.0231541873455067,0.14563783583581547,0.08984041623426704,-0.05579741960154842,11.971480369567871,13.220990180969238,1.2495098114013672,100.01883600125439,72.31610900089436,-27.702727000360028,128.0,115.23886639676114,-12.76113360323886
204,P2,5.0,1.0,1.0,0.0,1.0,1.0,0.0,1.0,1.0,0.0,0.02561776202359649,0.0007410379608984386,-0.024876724062698054,0.04650655014022466,0.0337673119141821,-0.01273923822604256,0.02561776202359649,0.0007410379608984386,-0.024876724062698054,5.29191780090332,5.302669525146484,0.010751724243164062,100.00604499873589,70.28726700082188,-29.718777997914003,128.0,113.97305699481865,-14.026943005181352
204,P2,8.0,1.0,1.0,0.0,1.0,1.0,0.0,1.0,1.0,0.0,0.01182198959884917,0.006524080239835306,-0.005297909359013864,0.09814614383623664,0.09236702942362492,-0.005779114412611724,0.01182198959884917,0.006524080239835306,-0.005297909359013864,8.704179763793945,8.933856964111328,0.2296772003173828,100.71639600209892,70.9568694983318,-29.75952650376712,128.0,113.76645435244161,-14.233545647558387
204,P2,12.0,1.0,1.0,0.0,1.0,1.0,0.0,1.0,1.0,0.0,0.14642752192694428,0.12311927034933785,-0.023308251577606423,0.17760144521010116,0.15777068205534558,-0.01983076315475557,0.14642752192694428,0.12311927034933785,-0.023308251577606423,12.306785583496094,12.047661781311035,-0.2591238021850586,100.05208400252741,72.59601500118151,-27.456069001345895,128.0,118.57223796033995,-9.427762039660053
204,S1,5.0,0.0,1.0,1.0,1.0,1.0,0.0,0.0,1.0,1.0,0.15154013511092151,0.11125235687405902,-0.0402877782368625,0.15333799223415842,0.11382141716671779,-0.039516575067440635,0.15154013511092151,0.11125235687405902,-0.0402877782368625,4.79801607131958,4.8288960456848145,0.030879974365234375,100.63756000090507,71.92315500287805,-28.71440499802702,128.0,112.05485714285714,-15.945142857142855
204,S1,8.0,1.0,1.0,0.0,1.0,1.0,0.0,1.0,1.0,0.0,0.14740299013324254,0.11245193683374866,-0.034951053299493884,0.15878007001949263,0.13171519221772304,-0.027064877801769582,0.14740299013324254,0.11245193683374866,-0.034951053299493884,7.25955057144165,7.670380592346191,0.410830020904541,100.36899650003761,72.3657499984256,-28.00324650161201,128.0,113.51771428571429,-14.482285714285709
204,S1,12.0,0.0,0.0,0.0,1.0,1.0,0.0,0.0,0.0,0.0,0.2241678208256689,0.17162091369906327,-0.052546907126605646,0.238803161482497,0.19467056594241813,-0.04413259554007887,0.2241678208256689,0.17162091369906327,-0.052546907126605646,10.102972030639648,10.803662300109863,0.7006902694702148,101.72418900037883,77.33559900225373,-24.3885899981251,128.0,123.77358490566037,-4.226415094339629
204,S2,5.0,1.0,1.0,0.0,1.0,1.0,0.0,1.0,1.0,0.0,0.028543449398687137,0.044792041571244036,0.0162485921725569,0.07288498183470032,0.08635299601936523,0.013468014184664909,0.028543449398687137,0.044792041571244036,0.0162485921725569,6.220189094543457,6.455034255981445,0.23484516143798828,101.43574749963591,72.11306400131434,-29.322683498321567,128.0,116.81882352941176,-11.181176470588241
204,S2,8.0,1.0,1.0,0.0,1.0,1.0,0.0,1.0,1.0,0.0,0.048844564845785476,0.04237961727711892,-0.006464947568666557,0.1261543580592591,0.11401187692593108,-0.012142481133328012,0.048844564845785476,0.04237961727711892,-0.006464947568666557,13.37911605834961,11.596029281616211,-1.7830867767333984,101.31943099986529,74.06910700046865,-27.25032399939664,128.0,118.13452914798206,-9.865470852017935
204,S2,12.0,0.0,0.0,0.0,0.0,0.0,0.0,0.0,0.0,0.0,0.3685754542612325,0.24428364543070188,-0.12429180883053062,0.3996459869786173,0.26869891238058824,-0.13094707459802907,0.3685754542612325,0.24428364543070188,-0.12429180883053062,17.399295806884766,14.757569313049316,-2.641726493835449,101.47313599918562,81.93710799969267,-19.536027999492944,128.0,140.69333333333333,12.693333333333328
205,B0,5.0,1.0,1.0,0.0,1.0,1.0,0.0,1.0,1.0,0.0,0.041504647979488676,0.033683911805013976,-0.0078207361744747,0.052085783975921174,0.04978667624110269,-0.0022991077348184855,0.041504647979488676,0.033683911805013976,-0.0078207361744747,4.941248416900635,5.113630294799805,0.17238187789916992,94.72091349925904,69.69424699855153,-25.026666500707506,128.0,113.86133960047003,-14.138660399529968
205,B0,8.0,1.0,1.0,0.0,1.0,1.0,0.0,1.0,1.0,0.0,0.059431994006833966,0.044826632591619675,-0.01460536141521429,0.10968305289064055,0.1020613934884911,-0.0076216594021494555,0.059431994006833966,0.044826632591619675,-0.01460536141521429,8.61151123046875,8.594171524047852,-0.017339706420898438,95.686079999723,69.97917199987569,-25.706907999847317,128.0,115.41043083900227,-12.589569160997726
205,B0,12.0,0.0,0.0,0.0,1.0,1.0,0.0,0.0,0.0,0.0,0.19426055494249286,0.18158668543650128,-0.012673869505991586,0.21246444892569494,0.19865129559938655,-0.013813153326308392,0.19426055494249286,0.18158668543650128,-0.012673869505991586,11.097546577453613,11.105083465576172,0.007536888122558594,96.40072500042152,79.14754999728757,-17.253175003133947,128.0,131.32986472424557,3.3298647242455672
205,F1,5.0,1.0,1.0,0.0,1.0,1.0,0.0,1.0,1.0,0.0,0.05283241403995973,0.028020796116774705,-0.024811617923185026,0.061096837460413236,0.04109353579300653,-0.020003301667406707,0.05283241403995973,0.028020796116774705,-0.024811617923185026,4.892727851867676,5.010214328765869,0.11748647689819336,101.06304299915791,67.9638444999,-33.09919849925791,128.0,113.9245283018868,-14.075471698113205
205,F1,8.0,1.0,1.0,0.0,1.0,1.0,0.0,1.0,1.0,0.0,0.06210118883064397,0.03906212760684702,-0.023039061223796953,0.11120883760574755,0.10304705217599905,-0.008161785429748505,0.06210118883064397,0.03906212760684702,-0.023039061223796953,8.363727569580078,8.374422073364258,0.010694503784179688,101.9676609976159,69.4989240000723,-32.4687369975436,128.0,115.36557930258718,-12.634420697412821
205,F1,12.0,0.0,1.0,1.0,1.0,1.0,0.0,0.0,1.0,1.0,0.18799089430347746,0.11557565058641768,-0.07241524371705978,0.20479480876657075,0.15513194910812247,-0.04966285965844827,0.18799089430347746,0.11557565058641768,-0.07241524371705978,10.635109901428223,11.706380844116211,1.0712709426879883,100.66634599934332,72.49013500040746,-28.176210998935858,128.0,118.90788013318534,-9.092119866814656
205,F2,5.0,1.0,1.0,0.0,1.0,1.0,0.0,1.0,1.0,0.0,0.03894267135877705,0.03842721492196048,-0.0005154564368165665,0.052790852670468014,0.05009721350337608,-0.002693639167091935,0.03894267135877705,0.03842721492196048,-0.0005154564368165665,5.146388530731201,5.147716045379639,0.0013275146484375,99.4648439973389,68.500336001307,-30.964507996031898,128.0,113.74443141852286,-14.255568581477135
205,F2,8.0,1.0,1.0,0.0,1.0,1.0,0.0,1.0,1.0,0.0,0.058798598788166734,0.04684532020838206,-0.011953278579784676,0.10428920989499894,0.09769549916681262,-0.006593710728186319,0.058798598788166734,0.04684532020838206,-0.011953278579784676,8.23525619506836,8.42849349975586,0.1932373046875,99.56954549852526,69.85673399867665,-29.712811499848613,128.0,114.9255079006772,-13.074492099322796
205,F2,12.0,0.0,0.0,0.0,1.0,1.0,0.0,0.0,0.0,0.0,0.1956762393585949,0.17227917795559003,-0.023397061403004876,0.2137574216297877,0.19306884072364328,-0.02068858090614442,0.1956762393585949,0.17227917795559003,-0.023397061403004876,11.64564323425293,11.866089820861816,0.22044658660888672,104.00914999991073,77.88660099868139,-26.122549001229345,128.0,130.05714285714285,2.05714285714285
205,K1,5.0,1.0,1.0,0.0,1.0,1.0,0.0,1.0,1.0,0.0,0.038689594764213985,0.032991278344864663,-0.005698316419349321,0.04846776063596999,0.04789020239977043,-0.0005775582361995588,0.038689594764213985,0.032991278344864663,-0.005698316419349321,4.974635601043701,5.0315165519714355,0.056880950927734375,100.36830299941357,68.04498699784745,-32.32331600156613,128.0,113.86133960047003,-14.138660399529968
205,K1,8.0,1.0,1.0,0.0,1.0,1.0,0.0,1.0,1.0,0.0,0.05299058889722019,0.052107611671090126,-0.0008829772261300661,0.11158657575075742,0.10377782859201508,-0.0078087471587423435,0.05299058889722019,0.052107611671090126,-0.0008829772261300661,8.676377296447754,8.568589210510254,-0.1077880859375,100.57498499918438,70.3316109975276,-30.243374001656775,128.0,115.26493799323562,-12.73506200676438
205,K1,12.0,0.0,0.0,0.0,1.0,1.0,0.0,0.0,0.0,0.0,0.20302030733366058,0.1887190968541601,-0.014301210479500476,0.2183676108726218,0.20377306901699965,-0.014594541855622145,0.20302030733366058,0.1887190968541601,-0.014301210479500476,11.165078163146973,10.898348808288574,-0.26672935485839844,99.81463950134639,79.10610550061392,-20.70853400073247,128.0,133.0351966873706,5.035196687370586
205,K2,5.0,1.0,1.0,0.0,1.0,1.0,0.0,1.0,1.0,0.0,0.06622570648934083,0.05465314980476137,-0.01157255668457946,0.072944775746251,0.062647653347454,-0.010297122398797001,0.06622570648934083,0.05465314980476137,-0.01157255668457946,4.996009349822998,4.95587158203125,-0.04013776779174805,97.97582100145519,68.22338399797445,-29.752437003480736,128.0,113.80281690140845,-14.197183098591552
205,K2,8.0,1.0,1.0,0.0,1.0,1.0,0.0,1.0,1.0,0.0,0.06785864993816115,0.044517178812947034,-0.02334147112521412,0.11442007930566225,0.0985231252693036,-0.015896954036358657,0.06785864993816115,0.044517178812947034,-0.02334147112521412,8.31845474243164,8.534887313842773,0.2164325714111328,97.75296400039224,69.63167699723272,-28.121287003159523,128.0,115.33031674208145,-12.66968325791855
205,K2,12.0,0.0,0.0,0.0,1.0,1.0,0.0,0.0,0.0,0.0,0.20631009301760628,0.18197979464645866,-0.024330298371147613,0.22104552824216836,0.20154505671609058,-0.019500471526077784,0.20631009301760628,0.18197979464645866,-0.024330298371147613,10.748777389526367,11.142501831054688,0.3937244415283203,97.61563799838768,77.76779900086694,-19.84783899752074,128.0,130.15991692627207,2.159916926272075
205,P1,5.0,1.0,1.0,0.0,1.0,1.0,0.0,1.0,1.0,0.0,0.04952769573730755,0.030446082984478373,-0.01908161275282918,0.05693983749171042,0.04477330907875304,-0.01216652841295738,0.04952769573730755,0.030446082984478373,-0.01908161275282918,4.909955978393555,5.059721946716309,0.1497659683227539,101.1311010006466,72.7941994991852,-28.336901501461398,128.0,113.58891454965358,-14.41108545034642
205,P1,8.0,1.0,1.0,0.0,1.0,1.0,0.0,1.0,1.0,0.0,0.06100922175461343,0.039678298561515946,-0.021330923193097484,0.11395446986923546,0.10007965851852035,-0.01387481135071511,0.06100922175461343,0.039678298561515946,-0.021330923193097484,8.679439544677734,8.466218948364258,-0.21322059631347656,101.92093450132234,69.90910000240547,-32.01183449891687,128.0,115.32814238042269,-12.67185761957731
205,P1,12.0,0.0,1.0,1.0,1.0,1.0,0.0,0.0,1.0,1.0,0.19459152312239233,0.14331717263693097,-0.05127435048546136,0.2111324354351338,0.17394747347028203,-0.03718496196485177,0.19459152312239233,0.14331717263693097,-0.05127435048546136,11.431336402893066,12.250600814819336,0.8192644119262695,102.60301800008165,74.3826355010242,-28.22038249905745,128.0,123.24686192468619,-4.753138075313814
205,P2,5.0,1.0,1.0,0.0,1.0,1.0,0.0,1.0,1.0,0.0,0.04863257773287657,0.036857162958857256,-0.011775414774019312,0.057426170530377796,0.05075827198439374,-0.006667898545984055,0.04863257773287657,0.036857162958857256,-0.011775414774019312,4.900488376617432,5.129227638244629,0.22873926162719727,101.33115600183373,68.6336399994616,-32.69751600237214,128.0,112.83648498331479,-15.16351501668521
205,P2,8.0,1.0,1.0,0.0,1.0,1.0,0.0,1.0,1.0,0.0,0.06332132636312071,0.03963654598111932,-0.02368478038200139,0.11100707744056824,0.1029914717299011,-0.008015605710667145,0.06332132636312071,0.03963654598111932,-0.02368478038200139,8.470666885375977,8.663947105407715,0.19328022003173828,103.33515599995735,70.82887249998748,-32.50628349996987,128.0,115.30322580645161,-12.696774193548393
205,P2,12.0,0.0,0.0,0.0,1.0,1.0,0.0,0.0,0.0,0.0,0.19443743718411635,0.16034745679722961,-0.03408998038688674,0.21161550616841637,0.1831666190630861,-0.02844888710533028,0.19443743718411635,0.16034745679722961,-0.03408998038688674,11.49811840057373,11.75137996673584,0.2532615661621094,100.96187999806716,76.87304399951245,-24.088835998554714,128.0,127.0802775024777,-0.9197224975223008
205,S1,5.0,1.0,1.0,0.0,1.0,1.0,0.0,1.0,1.0,0.0,0.029346705160999777,0.02877436696358444,-0.0005723381974153362,0.16245448602713236,0.15733313636617194,-0.0051213496609604225,0.029346705160999777,0.02877436696358444,-0.0005723381974153362,8.19079303741455,7.7344584465026855,-0.45633459091186523,100.73361299873795,70.52808749904216,-30.205525499695796,128.0,113.4892601431981,-14.510739856801905
205,S1,8.0,0.0,1.0,1.0,1.0,1.0,0.0,0.0,1.0,1.0,0.16088608445081498,0.13559568864701377,-0.025290395803801213,0.17169622766476336,0.1519902896866604,-0.019705937978102966,0.16088608445081498,0.13559568864701377,-0.025290395803801213,7.085378170013428,7.452714920043945,0.3673367500305176,100.80646849928598,76.1469049975858,-24.659563501700177,128.0,121.36268829663963,-6.637311703360368
205,S1,12.0,0.0,0.0,0.0,1.0,1.0,0.0,0.0,0.0,0.0,0.24477222417706454,0.2056195248063113,-0.03915269937075325,0.2538430589554994,0.21894197312527322,-0.03490108583022619,0.24477222417706454,0.2056195248063113,-0.03915269937075325,9.944015502929688,10.256681442260742,0.3126659393310547,102.25763699781965,80.94116599750123,-21.316471000318415,128.0,136.40328253223916,8.40328253223916
205,S2,5.0,0.0,0.0,0.0,1.0,1.0,0.0,0.0,0.0,0.0,0.38173568557492266,0.4054890197665033,0.023753334191580655,0.4237757180215483,0.4586735288727167,0.03489781085116839,0.38173568557492266,0.4054890197665033,0.023753334191580655,10.15392780303955,10.761451721191406,0.6075239181518555,102.07213300054718,74.360088998219,-27.712044002328184,128.0,119.5118306351183,-8.4881693648817
205,S2,8.0,1.0,1.0,0.0,1.0,1.0,0.0,1.0,1.0,0.0,0.0003624484067785705,0.00990834283201314,0.009545894425234569,0.11564951426325588,0.11331262524192227,-0.00233688902133361,0.0003624484067785705,0.00990834283201314,0.009545894425234569,9.492243766784668,12.254983901977539,2.762740135192871,102.10750100304722,71.7541230005736,-30.35337800247362,128.0,119.16333725029378,-8.836662749706221
205,S2,12.0,0.0,0.0,0.0,0.0,0.0,0.0,0.0,0.0,0.0,0.327616475404255,0.31381297748313,-0.013803497921125008,0.3800156609905933,0.37666016109734374,-0.0033554998932495694,0.327616475404255,0.31381297748313,-0.013803497921125008,16.850887298583984,17.902271270751953,1.0513839721679688,101.37425900029484,82.04821699837339,-19.32604200192145,128.0,155.51401869158877,27.514018691588774
